Category,Title,URL_Title,Authors,Event,Date,Box
ANAIS DE EVENTO,On the Interaction between Software Engineers and Data Scientists when Building Machine Learning-Enabled Systems,https://sol.sbc.org.br/index.php/sbqs/article/view/39048,"Busquim, Gabriel; Lima, Maria Julia; Kalinowski, Marcos",PROCEEDINGS OF THE BRAZILIAN SOFTWARE QUALITY SYMPOSIUM (SBQS),2025-11-04,Caixa 1
ANAIS DE EVENTO,Smart Prediction for Test Smell Refactorings,https://sol.sbc.org.br/index.php/sbqs/article/view/39045,"Martins, Luana; Costa, Heitor; Palomba, Fabio; Machado, Ivan",PROCEEDINGS OF THE BRAZILIAN SOFTWARE QUALITY SYMPOSIUM (SBQS),2025-11-04,Caixa 1
ANAIS DE EVENTO,Code Smells and Refactorings for Elixir,https://sol.sbc.org.br/index.php/sbqs/article/view/39046,"Vegi, Lucas Francisco da Matta; Valente, Marco Tulio",PROCEEDINGS OF THE BRAZILIAN SOFTWARE QUALITY SYMPOSIUM (SBQS),2025-11-04,Caixa 1
ANAIS DE EVENTO,Prefácio e Organização,https://sol.sbc.org.br/index.php/eniac/article/view/38701,"Santos, Hélida Salles; Recamonde-Mendoza, Mariana",PROCEEDINGS OF THE NATIONAL MEETING ON ARTIFICIAL AND COMPUTATIONAL INTELLIGENCE (ENIAC),2025-09-29,Caixa 1
ANAIS DE EVENTO,Strengthening Scientific Integrity: Digital Forensics for Biomedical Research Imaging,https://sol.sbc.org.br/index.php/sibgrapi_estendido/article/view/38268,"Cardenuto, João Phillipe; Moreira, Daniel; Rocha, Anderson","COMPANION PROCEEDINGS OF THE CONFERENCE ON GRAPHICS, PATTERNS AND IMAGES (SIBGRAPI)",2025-09-30,Caixa 1
ANAIS DE EVENTO,Self-supervised learning for fully unsupervised re-identification in real-world applications,https://sol.sbc.org.br/index.php/sibgrapi_estendido/article/view/38266,"Bertocco, Gabriel; Andaló, Fernanda; Rocha, Anderson","COMPANION PROCEEDINGS OF THE CONFERENCE ON GRAPHICS, PATTERNS AND IMAGES (SIBGRAPI)",2025-09-30,Caixa 1
ANAIS DE EVENTO,Socially Responsible and Explainable Automated Fact-Checking and Hate Speech Detection,https://sol.sbc.org.br/index.php/webmedia_estendido/article/view/38154,"Vargas, Francielle; Pardo, Thiago; Benevenuto, Fabrício",ANAIS ESTENDIDOS DO SIMPóSIO BRASILEIRO DE SISTEMAS MULTIMíDIA E WEB (WEBMEDIA),2025-11-10,Caixa 1
ANAIS DE EVENTO,Prefácio e Organização,https://sol.sbc.org.br/index.php/webmedia/article/view/37940,"Soares Neto, Carlos de Salles; Macedo, Alessandra Alaniz",PROCEEDINGS OF THE BRAZILIAN SYMPOSIUM ON MULTIMEDIA AND THE WEB (WEBMEDIA),2025-11-10,Caixa 1
ANAIS DE EVENTO,Prefácio e Organização,https://sol.sbc.org.br/index.php/wesaac/article/view/37524,"Lazarin, Nilson Mori; Freitas, Bruno Policarpo Toledo","ANAIS DO WORKSHOP-ESCOLA DE SISTEMAS DE AGENTES, SEUS AMBIENTES E APLICAçõES (WESAAC)",2025-09-29,Caixa 1
ANAIS DE EVENTO,Front Matter,https://sol.sbc.org.br/index.php/se4fp/article/view/37099,"Albonico, Michel; Neto, Adolfo; Vegi, Lucas; Valente, Marco Tulio",PROCEEDINGS OF THE WORKSHOP ON SOFTWARE ENGINEERING FOR FUNCTIONAL PROGRAMMING (SE4FP),2025-09-23,Caixa 1
ANAIS DE EVENTO,Front Matter,https://sol.sbc.org.br/index.php/sbes/article/view/36980,"Teixeira, Leopoldo; Vergilio, Silvia; Canedo, Edna Dias; Maia, Marcelo; Machado, Ivan; Barcellos, Monalessa; Souza, Cleidson R. B. de; Colanzi, Thelma E.; França, César; Kohl, Karina",PROCEEDINGS OF THE BRAZILIAN SYMPOSIUM ON SOFTWARE ENGINEERING (SBES),2025-09-22,Caixa 1
ANAIS DE EVENTO,Front Matter,https://sol.sbc.org.br/index.php/sblp/article/view/36941,"Gualandi, Hugo Musso; Maidl, Andre Murbach",PROCEEDINGS OF THE BRAZILIAN SYMPOSIUM ON PROGRAMMING LANGUAGES (SBLP),2025-09-22,Caixa 1
ANAIS DE EVENTO,Front Matter,https://sol.sbc.org.br/index.php/sbcars/article/view/36968,"Amaral, Aline Miotto; Uchôa, Anderson","PROCEEDINGS OF THE BRAZILIAN SYMPOSIUM ON SOFTWARE COMPONENTS, ARCHITECTURES, AND REUSE (SBCARS)",2025-09-22,Caixa 1
ANAIS DE EVENTO,On the Interaction between Software Engineers and Data Scientists when Building Machine Learning-Enabled Systems,https://sol.sbc.org.br/index.php/cbsoft_estendido/article/view/36958,"Busquim, Gabriel; Lima, Maria Julia; Kalinowski, Marcos",COMPANION PROCEEDINGS OF THE BRAZILIAN CONFERENCE ON SOFTWARE: THEORY AND PRACTICE (CBSOFT),2025-09-22,Caixa 1
ANAIS DE EVENTO,Code Smells and Refactorings for Elixir,https://sol.sbc.org.br/index.php/cbsoft_estendido/article/view/36959,"Vegi, Lucas Francisco da Matta; Valente, Marco Tulio",COMPANION PROCEEDINGS OF THE BRAZILIAN CONFERENCE ON SOFTWARE: THEORY AND PRACTICE (CBSOFT),2025-09-22,Caixa 1
ANAIS DE EVENTO,Smart Prediction for Test Smell Refactorings,https://sol.sbc.org.br/index.php/cbsoft_estendido/article/view/36961,"Martins, Luana; Costa, Heitor; Palomba, Fabio; Machado, Ivan",COMPANION PROCEEDINGS OF THE BRAZILIAN CONFERENCE ON SOFTWARE: THEORY AND PRACTICE (CBSOFT),2025-09-22,Caixa 1
ANAIS DE EVENTO,Front Matter,https://sol.sbc.org.br/index.php/sast/article/view/36876,"Ferrari, Fabiano; Gheyi, Rohit",PROCEEDINGS OF THE BRAZILIAN SYMPOSIUM ON SYSTEMATIC AND AUTOMATED SOFTWARE TESTING (SAST),2025-09-22,Caixa 1
ANAIS DE EVENTO,Enhancing Cybersecurity of Automotive Ethernet Networks with Deep Learning-based Intrusion Detection Systems,https://sol.sbc.org.br/index.php/ctd/article/view/36359,"Luz, Luigi F. Marques da; Araujo-Filho, Paulo Freitas de; Campelo, Divanilson R.",PROCEEDINGS OF THE THESIS AND DISSERTATION CONTEST (CTD),2025-07-20,Caixa 1
ANAIS DE EVENTO,Automatic Inference of BGP Community Semantics,https://sol.sbc.org.br/index.php/ctd/article/view/36349,"Silva Junior, Brivaldo Alves da; Cunha, Italo Scotá; Ferreira, Ronaldo Alves",PROCEEDINGS OF THE THESIS AND DISSERTATION CONTEST (CTD),2025-07-20,Caixa 1
ANAIS DE EVENTO,Dynamic Network Slicing for User Mobility Support in 5G Networks,https://sol.sbc.org.br/index.php/ctd/article/view/36353,"Gonçalves, Diogo M.; Bittencourt, Luiz F.; Madeira, Edmundo R. M.",PROCEEDINGS OF THE THESIS AND DISSERTATION CONTEST (CTD),2025-07-20,Caixa 1
ANAIS DE EVENTO,Self-supervised learning for fully unsupervised re-identification in real-world applications,https://sol.sbc.org.br/index.php/ctd/article/view/36354,"Bertocco, Gabriel C.; Andaló, Fernanda A.; Rocha, Anderson",PROCEEDINGS OF THE THESIS AND DISSERTATION CONTEST (CTD),2025-07-20,Caixa 1
ANAIS DE EVENTO,Socially Responsible and Explainable Automated Fact-Checking and Hate Speech Detection,https://sol.sbc.org.br/index.php/ctd/article/view/36355,"Vargas, Francielle; Pardo, Thiago; Benevenuto, Fabrício",PROCEEDINGS OF THE THESIS AND DISSERTATION CONTEST (CTD),2025-07-20,Caixa 1
ANAIS DE EVENTO,Strengthening Scientific Integrity: Digital Forensics for Biomedical Research Imaging,https://sol.sbc.org.br/index.php/ctd/article/view/36356,"Cardenuto, João Phillipe; Moreira, Daniel; Rocha, Anderson",PROCEEDINGS OF THE THESIS AND DISSERTATION CONTEST (CTD),2025-07-20,Caixa 1
ANAIS DE EVENTO,Code Smells and Refactorings for Elixir,https://sol.sbc.org.br/index.php/ctd/article/view/36357,"Vegi, Lucas Francisco da Matta; Valente, Marco Tulio",PROCEEDINGS OF THE THESIS AND DISSERTATION CONTEST (CTD),2025-07-20,Caixa 1
ANAIS DE EVENTO,Automatic Inference of BGP Community Semantics,https://sol.sbc.org.br/index.php/sbrc_estendido/article/view/35874,"Silva Junior, Brivaldo Alves da; Cunha, Italo Scotá; Ferreira, Ronaldo Alves",COMPANION PROCEEDINGS OF THE BRAZILIAN SYMPOSIUM ON COMPUTER NETWORKS AND DISTRIBUTED SYSTEMS (SBRC),2025-05-19,Caixa 1
ANAIS DE EVENTO,Dynamic Network Slicing for User Mobility Support in 5G Networks,https://sol.sbc.org.br/index.php/sbrc_estendido/article/view/35880,"Gonçalves, Diogo M.; Bittencourt, Luiz F.; Madeira, Edmundo R. M.",COMPANION PROCEEDINGS OF THE BRAZILIAN SYMPOSIUM ON COMPUTER NETWORKS AND DISTRIBUTED SYSTEMS (SBRC),2025-05-19,Caixa 1
ANAIS DE EVENTO,Enhancing Cybersecurity of Automotive Ethernet Networks with Deep Learning-based Intrusion Detection Systems,https://sol.sbc.org.br/index.php/sbrc_estendido/article/view/35876,"Marques da Luz, Luigi F.; Freitas de Araujo-Filho, Paulo; Campelo, Divanilson R.",COMPANION PROCEEDINGS OF THE BRAZILIAN SYMPOSIUM ON COMPUTER NETWORKS AND DISTRIBUTED SYSTEMS (SBRC),2025-05-19,Caixa 1
ANAIS DE EVENTO,Urban Perception Extraction from Texts Shared on Social Media: Framework and Applications,https://sol.sbc.org.br/index.php/sbrc_estendido/article/view/35872,"Santos, Frances Albert; Silva, Thiago Henrique; Villas, Leandro Aparecido",COMPANION PROCEEDINGS OF THE BRAZILIAN SYMPOSIUM ON COMPUTER NETWORKS AND DISTRIBUTED SYSTEMS (SBRC),2025-05-19,Caixa 1
PERIÓDICOS,Feature selection in an interactive search-based PLA design approach,https://journals-sol.sbc.org.br/index.php/jserd/article/view/4697,"Vieira Arasaki, Caio; Wolschick, Lucas; Marques Freire, Willian; Malachini Miotto Amaral, Aline Maria",JOURNAL OF SOFTWARE ENGINEERING RESEARCH AND DEVELOPMENT,2025-05-28,Caixa 1
ANAIS DE EVENTO,Front Matter,https://sol.sbc.org.br/index.php/imxw/article/view/35343,"Muchaluat-Saade, Débora C.; Abreu, Jorge Ferraz de; Moraes, Igor Monteiro; Ghinea, George; Conci, Aura; Broeck, Wendy Van den",PROCEEDINGS OF THE ACM INTERNATIONAL CONFERENCE ON INTERACTIVE MEDIA EXPERIENCES WORKSHOPS (IMXW),2025-06-03,Caixa 1
ANAIS DE EVENTO,Prefácio e Organização,https://sol.sbc.org.br/index.php/cibse/article/view/35287,"Abrahão, Silvia; Delgado, Andrea",PROCEEDINGS OF THE IBERO-AMERICAN CONFERENCE ON SOFTWARE ENGINEERING (CIBSE),2025-05-12,Caixa 1
ANAIS DE EVENTO,Front Matter,https://sol.sbc.org.br/index.php/sbmf/article/view/34547,"Nogueira, Sidney C.; Teodorov, Ciprian",PROCEEDINGS OF THE BRAZILIAN SYMPOSIUM ON FORMAL METHODS (SBMF),2024-12-04,Caixa 1
ANAIS DE EVENTO,Front Matter,https://sol.sbc.org.br/index.php/sbsi/article/view/34314,"Araújo, Allysson Allex; Viana, Davi; Maciel, Rita Suzana Pitangueira; Cunha, Mônica Ximenes Carneiro da; Valença, George; Alencar, Andrêza Leite de; Santos, Ronnie de Souza",PROCEEDINGS OF THE BRAZILIAN SYMPOSIUM ON INFORMATION SYSTEMS (SBSI),2025-05-19,Caixa 1
ANAIS DE EVENTO,Introduction and Organizing Committee,https://sol.sbc.org.br/index.php/sbbd/article/view/34115,"Hara, Carmem S.; Lóscio, Bernadette F.; Fernandes, Damires Y. S.",PROCEEDINGS OF THE BRAZILIAN SYMPOSIUM ON DATABASES (SBBD),2017-10-02,Caixa 1
ANAIS DE EVENTO,A Stochastic Approach to Generate Emergent Behaviors in Robotic Swarms,https://sol.sbc.org.br/index.php/sbrlars_estendido/article/view/33863,"Rezeck, Paulo; Chaimowicz, Luiz",COMPANION PROCEEDINGS OF THE BRAZILIAN SYMPOSIUM OF ROBOTICS & LATIN AMERICAN ROBOTICS SYMPOSIUM (SBR/LARS),2024-11-13,Caixa 1
ANAIS DE EVENTO,Prefácio e Organização,https://sol.sbc.org.br/index.php/eniac/article/view/33776,"Silva, Diego Furtado; Freitas-Rodrigues, Rosiane de",PROCEEDINGS OF THE NATIONAL MEETING ON ARTIFICIAL AND COMPUTATIONAL INTELLIGENCE (ENIAC),2024-11-17,Caixa 1
ANAIS DE EVENTO,Identifying Concerns When Specifying Machine Learning-Enabled Systems: A Perspective-Based Approach,https://sol.sbc.org.br/index.php/sbqs/article/view/32995,"Villamizar, Hugo; Kalinowski, Marcos",PROCEEDINGS OF THE BRAZILIAN SOFTWARE QUALITY SYMPOSIUM (SBQS),2024-11-05,Caixa 1
ANAIS DE EVENTO,"Digital Video Stabilization: Methods, Datasets, and Evaluation",https://sol.sbc.org.br/index.php/sibgrapi_estendido/article/view/31643,"Souza, Marcos Roberto e; Maia, Helena de Almeida; Pedrini, Hélio","COMPANION PROCEEDINGS OF THE CONFERENCE ON GRAPHICS, PATTERNS AND IMAGES (SIBGRAPI)",2024-09-30,Caixa 1
ANAIS DE EVENTO,Front Matter,https://sol.sbc.org.br/index.php/sbsi/article/view/30822,"Marques, Johnny C.",PROCEEDINGS OF THE BRAZILIAN SYMPOSIUM ON INFORMATION SYSTEMS (SBSI),2024-05-20,Caixa 1
ANAIS DE EVENTO,Urban Perception Extraction from Texts Shared on Social Media: Framework and Applications,https://sol.sbc.org.br/index.php/webmedia_estendido/article/view/30471,"Santos, Frances Albert; Silva, Thiago Henrique; Villas, Leandro Aparecido",ANAIS ESTENDIDOS DO SIMPóSIO BRASILEIRO DE SISTEMAS MULTIMíDIA E WEB (WEBMEDIA),2024-10-14,Caixa 1
ANAIS DE EVENTO,Depression Symptoms Identification through Social Media Data: Applying Design Science Research to Develop a Classification Model,https://sol.sbc.org.br/index.php/webmedia_estendido/article/view/30467,"Lima Filho, Silas; Silva, Monica Ferreira da; Oliveira, Jonice",ANAIS ESTENDIDOS DO SIMPóSIO BRASILEIRO DE SISTEMAS MULTIMíDIA E WEB (WEBMEDIA),2024-10-14,Caixa 1
ANAIS DE EVENTO,Prefácio e Organização,https://sol.sbc.org.br/index.php/webmedia/article/view/30343,"Muchaluat Saade, Débora C.; Barbosa, Jorge Luis Victória",PROCEEDINGS OF THE BRAZILIAN SYMPOSIUM ON MULTIMEDIA AND THE WEB (WEBMEDIA),2024-10-14,Caixa 1
ANAIS DE EVENTO,Identifying Concerns When Specifying Machine Learning-Enabled Systems: A Perspective-Based Approach,https://sol.sbc.org.br/index.php/cbsoft_estendido/article/view/30243,"Villamizar, Hugo; Kalinowski, Marcos",COMPANION PROCEEDINGS OF THE BRAZILIAN CONFERENCE ON SOFTWARE: THEORY AND PRACTICE (CBSOFT),2024-09-30,Caixa 1
ANAIS DE EVENTO,Data Protection based on Searchable Encryption and Anonymization Techniques,https://sol.sbc.org.br/index.php/sbseg_estendido/article/view/30115,"Silveira, Matheus M.; Gomes, Rafael L.",COMPANION PROCEEDINGS OF THE BRAZILIAN SYMPOSIUM ON CYBERSECURITY (SBSEG),2024-09-16,Caixa 1
ANAIS DE EVENTO,Amazon Biobank: a Blockchain-based Genomic Database for Bioeconomy,https://sol.sbc.org.br/index.php/sbseg_estendido/article/view/30110,"Kimura, Leonardo T.; Simplício Jr., Marcos A.",COMPANION PROCEEDINGS OF THE BRAZILIAN SYMPOSIUM ON CYBERSECURITY (SBSEG),2024-09-16,Caixa 1
ANAIS DE EVENTO,Blockchain-based data governance for privacy-preserving in multi-stakeholder settings,https://sol.sbc.org.br/index.php/sbseg_estendido/article/view/30114,"Garcia, Rodrigo Dutra; Ueyama, Jó",COMPANION PROCEEDINGS OF THE BRAZILIAN SYMPOSIUM ON CYBERSECURITY (SBSEG),2024-09-16,Caixa 1
ANAIS DE EVENTO,High-Performance Elliptic Curve Cryptography: A SIMD Approach to Modern Curves,https://sol.sbc.org.br/index.php/sbseg_estendido/article/view/30116,"Faz-Hernandez, Armando; López, Julio",COMPANION PROCEEDINGS OF THE BRAZILIAN SYMPOSIUM ON CYBERSECURITY (SBSEG),2024-09-16,Caixa 1
PERIÓDICOS,Circuitly: A visual and constructive framework for teaching digital circuits,https://journals-sol.sbc.org.br/index.php/ijcae/article/view/4839,"Castro, Lucas; Azevedo, Rodolfo",INTERNATIONAL JOURNAL OF COMPUTER ARCHITECTURE EDUCATION,2020-12-01,Caixa 1
PERIÓDICOS,Resilient Routing for SDM-EON as a Crucial Enabler for the New Traffic Generation,https://journals-sol.sbc.org.br/index.php/reic/article/view/3440,"Lopes, Rafael S.; Oliveira, Helder M. N. S.",ELECTRONIC JOURNAL OF UNDERGRADUATE RESEARCH ON COMPUTING,2023-08-05,Caixa 1
PERIÓDICOS,Editorial,https://journals-sol.sbc.org.br/index.php/jidm/article/view/4108,"Kaster, Daniel; Linhares, Ticiana; de Oliveira, Daniel",JOURNAL OF INFORMATION AND DATA MANAGEMENT,2023-12-21,Caixa 1
PERIÓDICOS,Frontmatter,https://journals-sol.sbc.org.br/index.php/jidm/article/view/4107,"Kaster, Daniel; de Oliveira, Daniel",JOURNAL OF INFORMATION AND DATA MANAGEMENT,2023-12-21,Caixa 1
PERIÓDICOS,Editorial,https://journals-sol.sbc.org.br/index.php/jidm/article/view/3764,"Souza, Damires; de Oliveira, Daniel; Linhares, Ticiana",JOURNAL OF INFORMATION AND DATA MANAGEMENT,2023-10-31,Caixa 1
PERIÓDICOS,Frontmatter,https://journals-sol.sbc.org.br/index.php/jidm/article/view/3763,"Souza, Damires; de Oliveira, Daniel; Linhares, Ticiana",JOURNAL OF INFORMATION AND DATA MANAGEMENT,2023-10-31,Caixa 1
PERIÓDICOS,Editorial,https://journals-sol.sbc.org.br/index.php/jidm/article/view/3109,"Holanda, Maristela; de Oliveira, Daniel; Furtado Silva, Diego",JOURNAL OF INFORMATION AND DATA MANAGEMENT,2023-01-17,Caixa 1
PERIÓDICOS,Frontmatter,https://journals-sol.sbc.org.br/index.php/jidm/article/view/3108,"Holanda, Maristela; de Oliveira, Daniel; Furtado Silva, Diego",JOURNAL OF INFORMATION AND DATA MANAGEMENT,2023-01-17,Caixa 1
PERIÓDICOS,Editorial,https://journals-sol.sbc.org.br/index.php/jidm/article/view/3066,"Holanda, Maristela; de Oliveira, Daniel; Andrade Ribeiro, Leonardo",JOURNAL OF INFORMATION AND DATA MANAGEMENT,2022-12-19,Caixa 1
PERIÓDICOS,Frontmatter,https://journals-sol.sbc.org.br/index.php/jidm/article/view/3065,"Holanda, Maristela; de Oliveira, Daniel; Andrade Ribeiro, Leonardo",JOURNAL OF INFORMATION AND DATA MANAGEMENT,2022-12-19,Caixa 1
PERIÓDICOS,Editorial,https://journals-sol.sbc.org.br/index.php/jidm/article/view/2927,"Holanda, Maristela; de Oliveira, Daniel",JOURNAL OF INFORMATION AND DATA MANAGEMENT,2022-10-03,Caixa 1
PERIÓDICOS,Frontmatter,https://journals-sol.sbc.org.br/index.php/jidm/article/view/2926,"Holanda, Maristela; de Oliveira, Daniel",JOURNAL OF INFORMATION AND DATA MANAGEMENT,2022-10-03,Caixa 1
PERIÓDICOS,Editorial,https://journals-sol.sbc.org.br/index.php/jidm/article/view/2896,"Holanda, Maristela; Souza, Damires",JOURNAL OF INFORMATION AND DATA MANAGEMENT,2022-09-21,Caixa 1
PERIÓDICOS,Frontmatter,https://journals-sol.sbc.org.br/index.php/jidm/article/view/2895,"Holanda, Maristela; Souza, Damires",JOURNAL OF INFORMATION AND DATA MANAGEMENT,2022-09-21,Caixa 1
PERIÓDICOS,Editorial,https://journals-sol.sbc.org.br/index.php/jidm/article/view/2864,"Holanda, Maristela; da Silva Torres, Ricardo",JOURNAL OF INFORMATION AND DATA MANAGEMENT,2022-09-12,Caixa 1
PERIÓDICOS,Frontmatter,https://journals-sol.sbc.org.br/index.php/jidm/article/view/2863,"Holanda, Maristela; da Silva Torres, Ricardo",JOURNAL OF INFORMATION AND DATA MANAGEMENT,2022-09-12,Caixa 1
PERIÓDICOS,Editorial,https://journals-sol.sbc.org.br/index.php/jidm/article/view/2842,"F. Dorneles, Carina; Araújo, Eric",JOURNAL OF INFORMATION AND DATA MANAGEMENT,2022-08-15,Caixa 1
PERIÓDICOS,Frontmatter,https://journals-sol.sbc.org.br/index.php/jidm/article/view/2841,"Holanda, Maristela; F. Dorneles, Carina; Araújo, Eric",JOURNAL OF INFORMATION AND DATA MANAGEMENT,2022-08-15,Caixa 1
PERIÓDICOS,Text Classification in Law Area: a Systematic Review,https://journals-sol.sbc.org.br/index.php/jidm/article/view/2547,"Martins, V. S.; Silva, C. D.",JOURNAL OF INFORMATION AND DATA MANAGEMENT,2023-01-17,Caixa 1
PERIÓDICOS,Editorial,https://journals-sol.sbc.org.br/index.php/jidm/article/view/2315,"Terto de Holanda, Maristela; da Silva Torres, Ricardo",JOURNAL OF INFORMATION AND DATA MANAGEMENT,2021-11-19,Caixa 1
PERIÓDICOS,Frontmatter,https://journals-sol.sbc.org.br/index.php/jidm/article/view/2314,"Terto de Holanda, Maristela; Cardoso Moraes de Oliveira, Daniel; da Silva Torres, Ricardo",JOURNAL OF INFORMATION AND DATA MANAGEMENT,2021-11-19,Caixa 1
PERIÓDICOS,Editorial,https://journals-sol.sbc.org.br/index.php/jidm/article/view/2299,"Terto de Holanda, Maristela; Cardoso Moraes de Oliveira, Daniel; Sehn Körting, Thales",JOURNAL OF INFORMATION AND DATA MANAGEMENT,2021-10-28,Caixa 1
PERIÓDICOS,Frontmatter,https://journals-sol.sbc.org.br/index.php/jidm/article/view/2298,"Terto de Holanda, Maristela; Cardoso Moraes de Oliveira, Daniel; Sehn Körting, Thales",JOURNAL OF INFORMATION AND DATA MANAGEMENT,2021-10-28,Caixa 1
PERIÓDICOS,Editorial,https://journals-sol.sbc.org.br/index.php/jidm/article/view/2259,"Terto de Holanda, Maristela; Cardoso Moraes de Oliveira, Daniel; Porto, Fabio",JOURNAL OF INFORMATION AND DATA MANAGEMENT,2021-10-02,Caixa 1
PERIÓDICOS,Frontmatter,https://journals-sol.sbc.org.br/index.php/jidm/article/view/2258,"Terto de Holanda, Maristela; Cardoso Moraes de Oliveira, Daniel; Porto, Fabio",JOURNAL OF INFORMATION AND DATA MANAGEMENT,2021-10-02,Caixa 1
PERIÓDICOS,Editorial,https://journals-sol.sbc.org.br/index.php/jidm/article/view/2203,"Terto de Holanda, Maristela; Cardoso Moraes de Oliveira, Daniel; dos Santos Mello, Ronaldo",JOURNAL OF INFORMATION AND DATA MANAGEMENT,2021-09-10,Caixa 1
PERIÓDICOS,Frontmatter,https://journals-sol.sbc.org.br/index.php/jidm/article/view/2202,"Terto de Holanda, Maristela; Cardoso Moraes de Oliveira, Daniel; dos Santos Mello, Ronaldo",JOURNAL OF INFORMATION AND DATA MANAGEMENT,2021-09-10,Caixa 1
PERIÓDICOS,Editorial,https://journals-sol.sbc.org.br/index.php/jidm/article/view/2157,"Terto de Holanda, Maristela; Cardoso Moraes de Oliveira, Daniel; Antonelli Ponti, Moacir",JOURNAL OF INFORMATION AND DATA MANAGEMENT,2021-08-05,Caixa 1
PERIÓDICOS,Frontmatter,https://journals-sol.sbc.org.br/index.php/jidm/article/view/2156,"Terto de Holanda, Maristela ; Cardoso Moraes de Oliveira, Daniel ; Antonelli Ponti, Moacir ",JOURNAL OF INFORMATION AND DATA MANAGEMENT,2021-08-05,Caixa 1
PERIÓDICOS,Editorial,https://journals-sol.sbc.org.br/index.php/jidm/article/view/1993,"Casanova, Marco Antonio",JOURNAL OF INFORMATION AND DATA MANAGEMENT,2012-10-15,Caixa 1
PERIÓDICOS,English,https://journals-sol.sbc.org.br/index.php/jidm/article/view/1990,"O. Novaes, João V.; F. D. Santos, Lúcio; Olmes Carvalho, Luiz; de Oliveira, Daniel; V. N. Bedo, Marcos; J. M. Traina, Agma; Traina Jr., Caetano",JOURNAL OF INFORMATION AND DATA MANAGEMENT,2021-09-10,Caixa 1
PERIÓDICOS,English,https://journals-sol.sbc.org.br/index.php/jidm/article/view/1947,"B. Filho, Manuel E.; Duarte Neto, Eduardo R.; C. Machado, Javam",JOURNAL OF INFORMATION AND DATA MANAGEMENT,2021-11-19,Caixa 1
PERIÓDICOS,English,https://journals-sol.sbc.org.br/index.php/jidm/article/view/1946,"Ttito, Josué; Marroquín, Renato; Lifschitz, Sergio; McGibbney, Lewis; Talavera, José",JOURNAL OF INFORMATION AND DATA MANAGEMENT,2021-11-19,Caixa 1
PERIÓDICOS,English,https://journals-sol.sbc.org.br/index.php/jidm/article/view/1908,"F. Novello, Alexandre; Casanova, Marco A.",JOURNAL OF INFORMATION AND DATA MANAGEMENT,2021-11-19,Caixa 1
PERIÓDICOS,Frontmatter,https://journals-sol.sbc.org.br/index.php/jidm/article/view/1865,"Brayner, Angelo; Holanda, Maristela",JOURNAL OF INFORMATION AND DATA MANAGEMENT,2020-12-30,Caixa 1
PERIÓDICOS,Editorial,https://journals-sol.sbc.org.br/index.php/jidm/article/view/1864,"Brayner, Angelo; Holanda, Maristela; Friedrich Dorneles, Carina",JOURNAL OF INFORMATION AND DATA MANAGEMENT,2020-12-30,Caixa 1
PERIÓDICOS,Frontmatter,https://journals-sol.sbc.org.br/index.php/jidm/article/view/1847,"Brayner, Angelo; Holanda, Maristela",JOURNAL OF INFORMATION AND DATA MANAGEMENT,2020-10-30,Caixa 1
PERIÓDICOS,Editorial,https://journals-sol.sbc.org.br/index.php/jidm/article/view/1846,"Brayner, Angelo; Holanda, Maristela; Körting, Thales Sehn ",JOURNAL OF INFORMATION AND DATA MANAGEMENT,2020-10-30,Caixa 1
PERIÓDICOS,Frontmatter,https://journals-sol.sbc.org.br/index.php/jidm/article/view/1831,"Brayner, Angelo; Holanda, Maristela",JOURNAL OF INFORMATION AND DATA MANAGEMENT,2020-06-30,Caixa 1
PERIÓDICOS,Editorial,https://journals-sol.sbc.org.br/index.php/jidm/article/view/1830,"Brayner, Angelo; Holanda, Maristela; Ribeiro de Faria Paiva, Elaine ",JOURNAL OF INFORMATION AND DATA MANAGEMENT,2020-06-30,Caixa 1
PERIÓDICOS,Frontmatter,https://journals-sol.sbc.org.br/index.php/jidm/article/view/1693,"Holanda, Maristela",JOURNAL OF INFORMATION AND DATA MANAGEMENT,2018-12-30,Caixa 1
PERIÓDICOS,Editorial,https://journals-sol.sbc.org.br/index.php/jidm/article/view/1692,"Brayner, Angelo; Holanda, Maristela; Santos, Celso A. S.; Willrich, Roberto; Körting, Thales",JOURNAL OF INFORMATION AND DATA MANAGEMENT,2018-12-30,Caixa 1
PERIÓDICOS,Frontmatter,https://journals-sol.sbc.org.br/index.php/jidm/article/view/1682,"Brayner, Angelo; Holanda, Maristela",JOURNAL OF INFORMATION AND DATA MANAGEMENT,2020-02-18,Caixa 1
PERIÓDICOS,Editorial,https://journals-sol.sbc.org.br/index.php/jidm/article/view/1681,"Brayner, Angelo; Holanda, Maristela; Farias Lóscio, Bernadette",JOURNAL OF INFORMATION AND DATA MANAGEMENT,2020-02-18,Caixa 1
PERIÓDICOS,Frontmatter,https://journals-sol.sbc.org.br/index.php/jidm/article/view/1670,"Brayner, Angelo; Holanda, Maristela",JOURNAL OF INFORMATION AND DATA MANAGEMENT,2019-12-30,Caixa 1
PERIÓDICOS,Editorial,https://journals-sol.sbc.org.br/index.php/jidm/article/view/1669,"Brayner, Angelo; Holanda, Maristela; L. D. Rossi, Andre",JOURNAL OF INFORMATION AND DATA MANAGEMENT,2019-12-30,Caixa 1
PERIÓDICOS,Editorial,https://journals-sol.sbc.org.br/index.php/jidm/article/view/1645,"Brayner, Angelo; Holanda, Maristela; Cerri, Ricardo",JOURNAL OF INFORMATION AND DATA MANAGEMENT,2018-10-01,Caixa 1
PERIÓDICOS,Editorial,https://journals-sol.sbc.org.br/index.php/jidm/article/view/1632,"Brayner, Angelo; Holanda, Maristela; Hara, Carmem",JOURNAL OF INFORMATION AND DATA MANAGEMENT,2018-06-20,Caixa 1
PERIÓDICOS,Frontmatter,https://journals-sol.sbc.org.br/index.php/jidm/article/view/1631,"Brayner, Angelo",JOURNAL OF INFORMATION AND DATA MANAGEMENT,2018-06-20,Caixa 1
PERIÓDICOS,Editorial,https://journals-sol.sbc.org.br/index.php/jidm/article/view/1626,"Brayner, Angelo; Holanda, Maristela;  Körting, Thales Sehn ",JOURNAL OF INFORMATION AND DATA MANAGEMENT,2019-06-20,Caixa 1
PERIÓDICOS,Frontmatter,https://journals-sol.sbc.org.br/index.php/jidm/article/view/1625,"Holanda, Maristela; Brayner, Angelo",JOURNAL OF INFORMATION AND DATA MANAGEMENT,2019-06-20,Caixa 1
PERIÓDICOS,Editorial,https://journals-sol.sbc.org.br/index.php/jidm/article/view/1617,"Traina Junior, Caetano; F. Cordeiro, Robson L.; Willrich, Roberto; Machado, Javam C.",JOURNAL OF INFORMATION AND DATA MANAGEMENT,2017-12-08,Caixa 1
PERIÓDICOS,Frontmatter,https://journals-sol.sbc.org.br/index.php/jidm/article/view/1616,"Traina Junior, Caetano; F. Cordeiro, Robson L.; Willrich, Roberto; Machado, Javam C.",JOURNAL OF INFORMATION AND DATA MANAGEMENT,2017-12-08,Caixa 1
PERIÓDICOS,Editorial,https://journals-sol.sbc.org.br/index.php/jidm/article/view/1610,"Traina Junior, Caetano; F. Cordeiro, Robson L.; Merschmann, Luiz Henrique de Campos",JOURNAL OF INFORMATION AND DATA MANAGEMENT,2017-11-27,Caixa 1
PERIÓDICOS,Frontmatter,https://journals-sol.sbc.org.br/index.php/jidm/article/view/1609,"Traina Junior, Caetano; F. Cordeiro, Robson L.; Merschmann, Luiz Henrique de Campos",JOURNAL OF INFORMATION AND DATA MANAGEMENT,2017-11-27,Caixa 1
PERIÓDICOS,Editorial,https://journals-sol.sbc.org.br/index.php/jidm/article/view/1602,"Traina Junior, Caetano; F. Cordeiro, Robson L.; Campelo, Claudio E. C.",JOURNAL OF INFORMATION AND DATA MANAGEMENT,2017-09-27,Caixa 1
PERIÓDICOS,Frontmatter,https://journals-sol.sbc.org.br/index.php/jidm/article/view/1601,"Traina Junior, Caetano; F. Cordeiro, Robson L.; C. Campelo, Claudio E.",JOURNAL OF INFORMATION AND DATA MANAGEMENT,2017-09-27,Caixa 1
PERIÓDICOS,Editorial,https://journals-sol.sbc.org.br/index.php/jidm/article/view/1590,"Traina Junior, Caetano; F. Cordeiro, Robson L.; Braganholo, Vanessa",JOURNAL OF INFORMATION AND DATA MANAGEMENT,2017-03-21,Caixa 1
PERIÓDICOS,Frontmatter,https://journals-sol.sbc.org.br/index.php/jidm/article/view/1589,"Traina Junior, Caetano; F. Cordeiro, Robson L.; Braganholo, Vanessa",JOURNAL OF INFORMATION AND DATA MANAGEMENT,2017-03-21,Caixa 1
PERIÓDICOS,Editorial,https://journals-sol.sbc.org.br/index.php/jidm/article/view/1578,"Traina Junior, Caetano; F. Cordeiro, Robson L.; B. Marinho, Leandro",JOURNAL OF INFORMATION AND DATA MANAGEMENT,2017-02-03,Caixa 1
PERIÓDICOS,Frontmatter,https://journals-sol.sbc.org.br/index.php/jidm/article/view/1577,"Traina Junior, Caetano; F. Cordeiro, Robson L.; B. Marinho, Leandro",JOURNAL OF INFORMATION AND DATA MANAGEMENT,2017-02-03,Caixa 1
PERIÓDICOS,Editorial,https://journals-sol.sbc.org.br/index.php/jidm/article/view/1572,"F. Cordeiro, Robson L.; Traina Junior, Caetano; Fileto, Renato",JOURNAL OF INFORMATION AND DATA MANAGEMENT,2016-10-03,Caixa 1
PERIÓDICOS,Frontmatter,https://journals-sol.sbc.org.br/index.php/jidm/article/view/1571,"F. Cordeiro, Robson L.; Traina Junior, Caetano",JOURNAL OF INFORMATION AND DATA MANAGEMENT,2016-10-03,Caixa 1
PERIÓDICOS,Editorial,https://journals-sol.sbc.org.br/index.php/jidm/article/view/1567,"Traina Junior, Caetano; F. Cordeiro, Robson L.",JOURNAL OF INFORMATION AND DATA MANAGEMENT,2016-02-26,Caixa 1
PERIÓDICOS,Frontmatter,https://journals-sol.sbc.org.br/index.php/jidm/article/view/1566,"Traina Junior, Caetano; F. Cordeiro, Robson L.",JOURNAL OF INFORMATION AND DATA MANAGEMENT,2016-02-26,Caixa 1
PERIÓDICOS,Editorial,https://journals-sol.sbc.org.br/index.php/jidm/article/view/1561,"Traina Junior, Caetano; F. Cordeiro, Robson L.; de Matos Galante, Renata; Aires Tavares, Tatiana",JOURNAL OF INFORMATION AND DATA MANAGEMENT,2016-01-20,Caixa 1
PERIÓDICOS,Frontmatter,https://journals-sol.sbc.org.br/index.php/jidm/article/view/1560,"Traina Junior, Caetano; F. Cordeiro, Robson L.; de Matos Galante, Renata; Aires Tavares, Tatiana",JOURNAL OF INFORMATION AND DATA MANAGEMENT,2016-01-20,Caixa 1
PERIÓDICOS,Editorial,https://journals-sol.sbc.org.br/index.php/jidm/article/view/1551,"Traina Junior, Caetano; Cordeiro, Robson L. F.; de Amo, Sandra; Davis, Clodoveu",JOURNAL OF INFORMATION AND DATA MANAGEMENT,2015-10-12,Caixa 1
PERIÓDICOS,Frontmatter,https://journals-sol.sbc.org.br/index.php/jidm/article/view/1550,"Traina Junior, Caetano; Cordeiro, Robson L. F.; de Amo, Sandra; Davis, Clodoveu",JOURNAL OF INFORMATION AND DATA MANAGEMENT,2015-10-12,Caixa 1
PERIÓDICOS,Editorial,https://journals-sol.sbc.org.br/index.php/jidm/article/view/1536,"Moro, Mirella; Galante, Renata",JOURNAL OF INFORMATION AND DATA MANAGEMENT,2014-10-02,Caixa 1
PERIÓDICOS,Frontmatter,https://journals-sol.sbc.org.br/index.php/jidm/article/view/1535,"Braganholo, Vanessa",JOURNAL OF INFORMATION AND DATA MANAGEMENT,2014-10-02,Caixa 1
PERIÓDICOS,Editorial,https://journals-sol.sbc.org.br/index.php/jidm/article/view/1529,"Salgado, Ana Carolina; Braganholo, Vanessa; Davis, Clodoveu; Santanchè, André",JOURNAL OF INFORMATION AND DATA MANAGEMENT,2014-09-29,Caixa 1
PERIÓDICOS,Frontmatter,https://journals-sol.sbc.org.br/index.php/jidm/article/view/1528,"Braganholo, Vanessa",JOURNAL OF INFORMATION AND DATA MANAGEMENT,2014-09-29,Caixa 1
PERIÓDICOS,Editorial,https://journals-sol.sbc.org.br/index.php/jidm/article/view/1514,"Salgado, Ana Carolina; Braganholo, Vanessa; Fileto, Renato; Plastino, Alexandre",JOURNAL OF INFORMATION AND DATA MANAGEMENT,2014-07-18,Caixa 2
PERIÓDICOS,Frontmatter,https://journals-sol.sbc.org.br/index.php/jidm/article/view/1512,"Braganholo, Vanessa",JOURNAL OF INFORMATION AND DATA MANAGEMENT,2014-07-18,Caixa 2
PERIÓDICOS,Editorial,https://journals-sol.sbc.org.br/index.php/jidm/article/view/1490,"Ciferri, Cristina Dutra de Aguiar; Casanova, Marco A.",JOURNAL OF INFORMATION AND DATA MANAGEMENT,2013-09-25,Caixa 2
PERIÓDICOS,Editorial,https://journals-sol.sbc.org.br/index.php/jidm/article/view/1479,"Laender, Alberto H. F.; Braganholo, Vanessa; Galante, Renata; Davis Jr., Clodoveu A.",JOURNAL OF INFORMATION AND DATA MANAGEMENT,2013-08-31,Caixa 2
PERIÓDICOS,Editorial,https://journals-sol.sbc.org.br/index.php/jidm/article/view/1464,"Laender, Alberto H. F.; Braganholo, Vanessa; Galante, Renata",JOURNAL OF INFORMATION AND DATA MANAGEMENT,2013-06-07,Caixa 2
PERIÓDICOS,Editorial,https://journals-sol.sbc.org.br/index.php/jidm/article/view/1437,"Laender, Alberto H. F.; Moro, Mirella M",JOURNAL OF INFORMATION AND DATA MANAGEMENT,2012-09-27,Caixa 2
PERIÓDICOS,Editorial,https://journals-sol.sbc.org.br/index.php/jidm/article/view/1429,"Laender, Alberto H. F.; Moro, Mirella M",JOURNAL OF INFORMATION AND DATA MANAGEMENT,2012-07-14,Caixa 2
PERIÓDICOS,Editorial,https://journals-sol.sbc.org.br/index.php/jidm/article/view/1406,"de Oliveira, José Palazzo Moreira",JOURNAL OF INFORMATION AND DATA MANAGEMENT,2011-10-04,Caixa 2
PERIÓDICOS,Editorial,https://journals-sol.sbc.org.br/index.php/jidm/article/view/1393,"Traina Jr., Caetano; Laender, Alberto H. F.; Davis Jr., Clodoveu A.; Moro, Mirella M",JOURNAL OF INFORMATION AND DATA MANAGEMENT,2011-09-26,Caixa 2
PERIÓDICOS,Editorial,https://journals-sol.sbc.org.br/index.php/jidm/article/view/1377,"Laender, Alberto H. F.; Moro, Mirella M",JOURNAL OF INFORMATION AND DATA MANAGEMENT,2011-08-12,Caixa 2
PERIÓDICOS,Editorial,https://journals-sol.sbc.org.br/index.php/jidm/article/view/1275,"Meira Jr., Wagner; Salgado, Ana Carolina; Traina Jr., Caetano; Heuser, Carlos Alberto; de Moura, Edleno Silva",JOURNAL OF INFORMATION AND DATA MANAGEMENT,2010-10-06,Caixa 2
PERIÓDICOS,Editorial,https://journals-sol.sbc.org.br/index.php/jidm/article/view/1260,"Laender, Alberto H. F.; Moro, Mirella M",JOURNAL OF INFORMATION AND DATA MANAGEMENT,2010-09-27,Caixa 2
PERIÓDICOS,Automatic Document Classification Temporally Robust,https://journals-sol.sbc.org.br/index.php/jidm/article/view/1259,"Salles, Thiago; Rocha, Leonardo; Mourão, Fernando; Pappa, Gisele L.; Cunha, Lucas; Gonçalves, Marcos André; Meira Jr., Wagner",JOURNAL OF INFORMATION AND DATA MANAGEMENT,2010-09-27,Caixa 2
PERIÓDICOS,Editorial,https://journals-sol.sbc.org.br/index.php/jidm/article/view/935,"Laender, Alberto H. F.; Moro, Mirella M",JOURNAL OF INFORMATION AND DATA MANAGEMENT,2010-05-27,Caixa 2
PERIÓDICOS,A Method Based on Naming Similarity to Identify Reuse Opportunities,https://journals-sol.sbc.org.br/index.php/isys/article/view/330,"Oliveira, Johnatan; Fernandes, Eduardo; Souza, Maurício; Figueiredo, Eduardo",ISYS - BRAZILIAN JOURNAL OF INFORMATION SYSTEMS,2017-03-12,Caixa 2
PERIÓDICOS,Using PDCA as a General Framework for Teaching and Evaluating the Learning of Software Engineering Disciplines,https://journals-sol.sbc.org.br/index.php/isys/article/view/249,"Mergen, Sérgio Luis Sardi; Kepler, Fábio Natanael; Silva da Silva, João Pablo; Cera, Márcia Cristina",ISYS - BRAZILIAN JOURNAL OF INFORMATION SYSTEMS,2014-11-15,Caixa 2
PERIÓDICOS,FlowSpy: exploring Activity-Execution Patterns from Business Processes,https://journals-sol.sbc.org.br/index.php/isys/article/view/117,"Tristão, Cristian; Ruiz, Duncan; Becker, Karin",ISYS - BRAZILIAN JOURNAL OF INFORMATION SYSTEMS,2008-11-24,Caixa 2
PERIÓDICOS,Planning the Design and Execution of Student Performance Assessment in Serious Games,https://journals-sol.sbc.org.br/index.php/jis/article/view/1907,"Oliveira, Rháleff N. R.; Rocha, Rafaela V.; Goya, Denise H.",JOURNAL ON INTERACTIVE SYSTEMS,2021-11-12,Caixa 2
PERIÓDICOS,Using Interviews to Evaluate Location-Based Games: Lessons and Challenges,https://journals-sol.sbc.org.br/index.php/jis/article/view/754,"Carneiro, Nayana; Darin, Ticianne; Pinheiro, Mateus; Viana, Windson",JOURNAL ON INTERACTIVE SYSTEMS,2021-01-25,Caixa 2
PERIÓDICOS,Editor's Note,https://journals-sol.sbc.org.br/index.php/jis/article/view/720,"Raposo, Alberto",JOURNAL ON INTERACTIVE SYSTEMS,2014-12-30,Caixa 2
PERIÓDICOS,Editors’ Note,https://journals-sol.sbc.org.br/index.php/jis/article/view/713,"Raposo, Alberto; Corrêa, Cleber",JOURNAL ON INTERACTIVE SYSTEMS,2019-12-13,Caixa 2
PERIÓDICOS,Editors’ Note,https://journals-sol.sbc.org.br/index.php/jis/article/view/687,"Raposo, Alberto; Corrêa, Cléber",JOURNAL ON INTERACTIVE SYSTEMS,2018-06-08,Caixa 2
PERIÓDICOS,Editors’ Note,https://journals-sol.sbc.org.br/index.php/jis/article/view/677,"Raposo, Alberto; Corrêa, Cléber",JOURNAL ON INTERACTIVE SYSTEMS,2017-12-22,Caixa 2
PERIÓDICOS,Editor’s Note,https://journals-sol.sbc.org.br/index.php/jis/article/view/669,"Raposo, Alberto",JOURNAL ON INTERACTIVE SYSTEMS,2017-09-14,Caixa 2
PERIÓDICOS,Editor’s Note,https://journals-sol.sbc.org.br/index.php/jis/article/view/657,"Raposo, Alberto",JOURNAL ON INTERACTIVE SYSTEMS,2015-12-01,Caixa 2
PERIÓDICOS,Editor's Note,https://journals-sol.sbc.org.br/index.php/jis/article/view/649,"Raposo, Alberto",JOURNAL ON INTERACTIVE SYSTEMS,2015-10-09,Caixa 2
PERIÓDICOS,Guest Editorial,https://journals-sol.sbc.org.br/index.php/jis/article/view/644,"Silveira, Ismar; Clua, Esteban",JOURNAL ON INTERACTIVE SYSTEMS,2014-11-06,Caixa 2
PERIÓDICOS,Editor's Note,https://journals-sol.sbc.org.br/index.php/jis/article/view/636,"Raposo, Alberto",JOURNAL ON INTERACTIVE SYSTEMS,2014-07-09,Caixa 2
PERIÓDICOS,Guest Editorial,https://journals-sol.sbc.org.br/index.php/jis/article/view/629,"dos Santos, Selan; Machado, Liliane",JOURNAL ON INTERACTIVE SYSTEMS,2014-01-29,Caixa 2
PERIÓDICOS,Editor's Note,https://journals-sol.sbc.org.br/index.php/jis/article/view/621,"Nedel, Luciana",JOURNAL ON INTERACTIVE SYSTEMS,2013-08-28,Caixa 2
PERIÓDICOS,Guest Editorial,https://journals-sol.sbc.org.br/index.php/jis/article/view/610,"Machado, Liliane S.; Soares, Luciano P.",JOURNAL ON INTERACTIVE SYSTEMS,2013-01-23,Caixa 2
PERIÓDICOS,Editorial,https://journals-sol.sbc.org.br/index.php/jis/article/view/606,"Nedel, Luciana",JOURNAL ON INTERACTIVE SYSTEMS,2012-06-15,Caixa 2
PERIÓDICOS,Editor's Note,https://journals-sol.sbc.org.br/index.php/jis/article/view/559,"Nedel, Luciana",JOURNAL ON INTERACTIVE SYSTEMS,2010-11-01,Caixa 2
ANAIS DE EVENTO,Prefácio e Organização,https://sol.sbc.org.br/index.php/cibse/article/view/24713,"Giachetti, Giovanni; França, Breno de",PROCEEDINGS OF THE IBERO-AMERICAN CONFERENCE ON SOFTWARE ENGINEERING (CIBSE),2023-06-05,Caixa 2
ANAIS DE EVENTO,Prólogo y Comité Organizador,https://sol.sbc.org.br/index.php/cibse/article/view/29350,"OliveiraJr, Edson; Guzmán, Ignacio García Rodríguez de",PROCEEDINGS OF THE IBERO-AMERICAN CONFERENCE ON SOFTWARE ENGINEERING (CIBSE),2024-05-06,Caixa 2
ANAIS DE EVENTO,Prólogo y Comité Organizador,https://sol.sbc.org.br/index.php/cibse/article/view/20994,"Barcellos, Monalessa; la Vara, Jose Luis de",PROCEEDINGS OF THE IBERO-AMERICAN CONFERENCE ON SOFTWARE ENGINEERING (CIBSE),2022-06-13,Caixa 2
ANAIS DE EVENTO,Targets Detection Using Multiple Foveas,https://sol.sbc.org.br/index.php/sbrlars/article/view/18350,"Medeiros, Petrucio R. T.; Gomes, Rafael B.; Gonçalves, Luiz M. G.",ANAIS DO SIMPóSIO BRASILEIRO DE ROBóTICA E SIMPóSIO LATINO AMERICANO DE ROBóTICA (SBR/LARS),2021-10-11,Caixa 2
ANAIS DE EVENTO,Prefácio e Organização,https://sol.sbc.org.br/index.php/sbes/article/view/9240,"Gerosa, Marco Aurélio; Prikladnicki, Rafael",PROCEEDINGS OF THE BRAZILIAN SYMPOSIUM ON SOFTWARE ENGINEERING (SBES),2019-09-23,Caixa 2
ANAIS DE EVENTO,PSECO-IM: An Approach for Incident Management to Support Governance in Proprietary Software Ecosystems,https://sol.sbc.org.br/index.php/sbqs/article/view/23321,"Costa, Luiz Alexandre Martins; Fontão, Awdren Lima; Santos, Rodrigo Pereira",PROCEEDINGS OF THE BRAZILIAN SOFTWARE QUALITY SYMPOSIUM (SBQS),2022-11-07,Caixa 2
ANAIS DE EVENTO,Front Matter,https://sol.sbc.org.br/index.php/sbqs/article/view/23319,"Canedo, Edna Dias; Viana, Davi; Garcia, Vinicius; Bezerra, Carla; Santos, Ismayle de Sousa; Gadelha, Bruno; Machado, Ivan; Soares, Sérgio; Kulesza, Uirá; França, Breno de; Conte, Tayana; Maldonado, José Carlos",PROCEEDINGS OF THE BRAZILIAN SOFTWARE QUALITY SYMPOSIUM (SBQS),2022-11-07,Caixa 2
ANAIS DE EVENTO,Front Matter,https://sol.sbc.org.br/index.php/sbqs/article/view/18600,"Santos, Rodrigo; Oliveira, Sandro Ronaldo Bezerra; Santos, Ismayle de Sousa; Marczak, Sabrina; Viana, Davi; Canedo, Edna Dias; Albuquerque, Adriano Bessa; Paludo, Marco; Rocha, Ana Regina; Machado, Ivan; Kulesza, Uirá; Garcia, Vinícius; Santos, Gleison; Valentim, Natasha",PROCEEDINGS OF THE BRAZILIAN SOFTWARE QUALITY SYMPOSIUM (SBQS),2021-11-08,Caixa 2
ANAIS DE EVENTO,Unveiling the Teaching Methods Adopted in DevOps Courses,https://sol.sbc.org.br/index.php/sbqs/article/view/27123,"Ferino, Samuel; Kulesza, Uirá",PROCEEDINGS OF THE BRAZILIAN SOFTWARE QUALITY SYMPOSIUM (SBQS),2023-11-07,Caixa 2
ANAIS DE EVENTO,Evaluating the Code Comprehension of Novices with Eye Tracking,https://sol.sbc.org.br/index.php/sbqs/article/view/27120,"Costa, José Aldo Silva Da; Gheyi, Rohit",PROCEEDINGS OF THE BRAZILIAN SOFTWARE QUALITY SYMPOSIUM (SBQS),2023-11-07,Caixa 2
ANAIS DE EVENTO,CRM Systems Quality Evaluation,https://sol.sbc.org.br/index.php/sbqs/article/view/18594,"Boarim, Jhonatan Bernardes; da Rocha, Ana Regina Cavalcanti",PROCEEDINGS OF THE BRAZILIAN SOFTWARE QUALITY SYMPOSIUM (SBQS),2021-11-08,Caixa 2
ANAIS DE EVENTO,A Quality-oriented Approach to Recommend Move Method Refactorings,https://sol.sbc.org.br/index.php/sbqs/article/view/15055,"Couto, Christian Marlon Souza ; Rocha, Henrique; Terra, Ricardo",PROCEEDINGS OF THE BRAZILIAN SOFTWARE QUALITY SYMPOSIUM (SBQS),2018-10-17,Caixa 2
ANAIS DE EVENTO,A Quality-oriented Approach to Recommend Move Method Refactorings,https://sol.sbc.org.br/index.php/sbqs/article/view/15051,"Couto, Christian Marlon Souza; Terra, Ricardo",PROCEEDINGS OF THE BRAZILIAN SOFTWARE QUALITY SYMPOSIUM (SBQS),2019-10-28,Caixa 2
ANAIS DE EVENTO,Front Matter,https://sol.sbc.org.br/index.php/sbmf/article/view/28042,"Barbosa, Haniel; Zohar, Yoni",PROCEEDINGS OF THE BRAZILIAN SYMPOSIUM ON FORMAL METHODS (SBMF),2023-12-04,Caixa 2
ANAIS DE EVENTO,Modeling an Empathetic Embodied Conversational Agent,https://sol.sbc.org.br/index.php/sbgames_estendido/article/view/27936,"Knob, Paulo Ricardo; Musse, Soraia Raupp",COMPANION PROCEEDINGS OF THE BRAZILIAN SYMPOSIUM ON COMPUTER GAMES AND DIGITAL ENTERTAINMENT (SBGAMES),2023-11-06,Caixa 2
ANAIS DE EVENTO,Feature selection in an interactive search-based PLA design approach,https://sol.sbc.org.br/index.php/sbcars/article/view/28339,"Arasaki, Caio; Wolschick, Lucas; Freire, Willian; Amaral, Aline","PROCEEDINGS OF THE BRAZILIAN SYMPOSIUM ON SOFTWARE COMPONENTS, ARCHITECTURES, AND REUSE (SBCARS)",2023-09-25,Caixa 2
ANAIS DE EVENTO,On the Cost-Effectiveness of Stacking of Neural and Non-Neural Methods for Text Classification: Scenarios and Performance Prediction,https://sol.sbc.org.br/index.php/sbbd_estendido/article/view/25638,"Gomes, Christian; Rocha, Leonardo; Gonçalves, Marcos",COMPANION PROCEEDINGS OF THE BRAZILIAN SYMPOSIUM ON DATABASES (SBBD),2023-09-25,Caixa 2
ANAIS DE EVENTO,"Analyses of Musical Success based on Time, Genre and Collaboration",https://sol.sbc.org.br/index.php/sbbd_estendido/article/view/25640,"Oliveira, Gabriel P.; Lacerda, Anisio; Moro, Mirella M.",COMPANION PROCEEDINGS OF THE BRAZILIAN SYMPOSIUM ON DATABASES (SBBD),2023-09-25,Caixa 2
ANAIS DE EVENTO,Prefácio e Organização,https://sol.sbc.org.br/index.php/sbac-pad/article/view/19764,"Navaux, Philippe O. A.",PROCEEDINGS OF THE INTERNATIONAL SYMPOSIUM ON COMPUTER ARCHITECTURE AND HIGH PERFORMANCE COMPUTING (SBAC-PAD),1999-09-29,Caixa 2
ANAIS DE EVENTO,Prefácio e Organização,https://sol.sbc.org.br/index.php/sbac-pad/article/view/22213,"Melo, Alba Cristina M. A.",PROCEEDINGS OF THE INTERNATIONAL SYMPOSIUM ON COMPUTER ARCHITECTURE AND HIGH PERFORMANCE COMPUTING (SBAC-PAD),2001-09-10,Caixa 2
ANAIS DE EVENTO,Prefácio,https://sol.sbc.org.br/index.php/bsb/article/view/23159,"Scherer, Nicole M.; Melo-Minardi, Raquel C. de",PROCEEDINGS OF THE BRAZILIAN SYMPOSIUM ON BIOINFORMATICS (BSB),2022-09-21,Caixa 2
ANAIS DE EVENTO,,https://sol.sbc.org.br/index.php/eres/article/view/10057,"Piagetti, Jean; El Uri, Maurício; Basso, Fábio",PROCEEDINGS OF THE REGIONAL SCHOOL OF SOFTWARE ENGINEERING (ERES),2018-10-22,Caixa 2
ANAIS DE EVENTO,Cybersickness Analysis Using Symbolic Machine Learning Algorithms,https://sol.sbc.org.br/index.php/svr_estendido/article/view/17647,"Porcino, Thiago; Trevisan, Daniela; Clua, Esteban",ANAIS ESTENDIDOS DO SIMPóSIO DE REALIDADE VIRTUAL E AUMENTADA (SVR),2021-10-18,Caixa 3
ANAIS DE EVENTO,,https://sol.sbc.org.br/index.php/svr_estendido/article/view/8448,"Wagner Filho, Jorge A.; Nedel, Luciana",ANAIS ESTENDIDOS DO SIMPóSIO DE REALIDADE VIRTUAL E AUMENTADA (SVR),2019-10-16,Caixa 3
ANAIS DE EVENTO,,https://sol.sbc.org.br/index.php/svr_estendido/article/view/8457,"Felix, Heitor; Simões, Francisco; Cunha, Kelvin; Teichrieb, Veronica",ANAIS ESTENDIDOS DO SIMPóSIO DE REALIDADE VIRTUAL E AUMENTADA (SVR),2019-10-16,Caixa 3
ANAIS DE EVENTO,Prefácio e Organização,https://sol.sbc.org.br/index.php/wcge/article/view/24935,"Marcacini, Ricardo",PROCEEDINGS OF THE WORKSHOP ON APPLIED COMPUTING IN ELECTRONIC GOVERNMENT,2023-08-06,Caixa 3
ANAIS DE EVENTO,Partial Least Squares: A Deep Space Odyssey,https://sol.sbc.org.br/index.php/sibgrapi_estendido/article/view/20014,"Jordão, Artur; Schwartz, William Robson","COMPANION PROCEEDINGS OF THE CONFERENCE ON GRAPHICS, PATTERNS AND IMAGES (SIBGRAPI)",2021-10-18,Caixa 3
ANAIS DE EVENTO,Musical Hyperlapse: A Multimodal Approach to Accelerate First-Person Videos,https://sol.sbc.org.br/index.php/sibgrapi_estendido/article/view/23258,"Matos, Diognei de; Nascimento, Erickson R.","COMPANION PROCEEDINGS OF THE CONFERENCE ON GRAPHICS, PATTERNS AND IMAGES (SIBGRAPI)",2022-10-24,Caixa 3
ANAIS DE EVENTO,Synthesizing Realistic Human Dance Motions Conditioned by Musical Data using Graph Convolutional Networks,https://sol.sbc.org.br/index.php/sibgrapi_estendido/article/view/20010,"Ferreira, João P. M.; Martins, Renato; Nascimento, Erickson R.","COMPANION PROCEEDINGS OF THE CONFERENCE ON GRAPHICS, PATTERNS AND IMAGES (SIBGRAPI)",2021-10-18,Caixa 3
ANAIS DE EVENTO,Hierarchy-of-Visual-Words: a Learning-based Approach for Trademark Image Retrieval,https://sol.sbc.org.br/index.php/sibgrapi_estendido/article/view/8332,"Lourenço, Vítor N.; Silva, Gabriela G.; Fernandes, Leandro A. F.","COMPANION PROCEEDINGS OF THE CONFERENCE ON GRAPHICS, PATTERNS AND IMAGES (SIBGRAPI)",2019-10-28,Caixa 3
ANAIS DE EVENTO,Targets Detection Using Multiple Foveas,https://sol.sbc.org.br/index.php/sibgrapi_estendido/article/view/20019,"Medeiros, Petrucio R. T.; Gomes, Rafael B.; Gonçalves, Luiz M. G.","COMPANION PROCEEDINGS OF THE CONFERENCE ON GRAPHICS, PATTERNS AND IMAGES (SIBGRAPI)",2021-10-18,Caixa 3
ANAIS DE EVENTO,Semantic Hyperlapse: a Sparse Coding-based and Multi-Importance Approach for First-Person Videos,https://sol.sbc.org.br/index.php/sibgrapi_estendido/article/view/8302,"Silva, Michel M.; Campos, Mario F. M.; Nascimento, Erickson R.","COMPANION PROCEEDINGS OF THE CONFERENCE ON GRAPHICS, PATTERNS AND IMAGES (SIBGRAPI)",2019-10-28,Caixa 3
ANAIS DE EVENTO,Digital Video Stabilization: Algorithms and Evaluation,https://sol.sbc.org.br/index.php/sibgrapi_estendido/article/view/8299,"Souza, Marcos Roberto; Pedrini, Helio","COMPANION PROCEEDINGS OF THE CONFERENCE ON GRAPHICS, PATTERNS AND IMAGES (SIBGRAPI)",2019-10-28,Caixa 3
ANAIS DE EVENTO,Exploring ERP Distortions to Reduce the Encoding Time of 360 Videos,https://sol.sbc.org.br/index.php/sibgrapi_estendido/article/view/20026,"Storch, Iago; Agostini, Luciano; Zatt, Bruno; Palomino, Daniel","COMPANION PROCEEDINGS OF THE CONFERENCE ON GRAPHICS, PATTERNS AND IMAGES (SIBGRAPI)",2021-10-18,Caixa 3
ANAIS DE EVENTO,Modeling an Empathetic Embodied Conversational Agent,https://sol.sbc.org.br/index.php/sibgrapi_estendido/article/view/27444,"Knob, Paulo R.; Musse, Soraia R.","COMPANION PROCEEDINGS OF THE CONFERENCE ON GRAPHICS, PATTERNS AND IMAGES (SIBGRAPI)",2023-11-06,Caixa 3
ANAIS DE EVENTO,Super-Resolution Towards License Plate Recognition,https://sol.sbc.org.br/index.php/sibgrapi_estendido/article/view/27448,"Nascimento, Valfride; Laroca, Rayson; Menotti, David","COMPANION PROCEEDINGS OF THE CONFERENCE ON GRAPHICS, PATTERNS AND IMAGES (SIBGRAPI)",2023-11-06,Caixa 3
ANAIS DE EVENTO,Musical Hyperlapse: A Multimodal Approach to Accelerate First-Person Videos,https://sol.sbc.org.br/index.php/sibgrapi/article/view/19952,"Matos, Diognei de; Ramos, Washington; Romanhol, Luiz; Nascimento, Erickson R.","PROCEEDINGS OF THE CONFERENCE ON GRAPHICS, PATTERNS AND IMAGES (SIBGRAPI)",2021-10-18,Caixa 3
ANAIS DE EVENTO,Hierarchy-of-Visual-Words: a Learning-based Approach for Trademark Image Retrieval,https://sol.sbc.org.br/index.php/sibgrapi/article/view/9803,"Lourenço, Vítor; Silva, Gabriela; Fernandes, Leandro A. F. ","PROCEEDINGS OF THE CONFERENCE ON GRAPHICS, PATTERNS AND IMAGES (SIBGRAPI)",2019-10-28,Caixa 3
ANAIS DE EVENTO,Evaluating the Code Comprehension of Novices with Eye Tracking,https://sol.sbc.org.br/index.php/cbsoft_estendido/article/view/26050,"da Costa, José Aldo Silva; Gheyi, Rohit",COMPANION PROCEEDINGS OF THE BRAZILIAN CONFERENCE ON SOFTWARE: THEORY AND PRACTICE (CBSOFT),2023-09-25,Caixa 3
ANAIS DE EVENTO,Exploring Ethical Requirements Elicitation for Applications in the Context of AI,https://sol.sbc.org.br/index.php/cbsoft_estendido/article/view/22309,"Cerqueira, José Antonio Siqueira de; Canedo, Edna Dias",COMPANION PROCEEDINGS OF THE BRAZILIAN CONFERENCE ON SOFTWARE: THEORY AND PRACTICE (CBSOFT),2022-10-03,Caixa 3
ANAIS DE EVENTO,Unveiling the Teaching Methods Adopted in DevOps Courses,https://sol.sbc.org.br/index.php/cbsoft_estendido/article/view/26048,"Ferino, Samuel; Kulesza, Uirá",COMPANION PROCEEDINGS OF THE BRAZILIAN CONFERENCE ON SOFTWARE: THEORY AND PRACTICE (CBSOFT),2023-09-25,Caixa 3
ANAIS DE EVENTO,Mining the Technical Skills of Open Source Developers,https://sol.sbc.org.br/index.php/cbsoft_estendido/article/view/22305,"Montandon, João Eduardo; Valente, Marco Túlio",COMPANION PROCEEDINGS OF THE BRAZILIAN CONFERENCE ON SOFTWARE: THEORY AND PRACTICE (CBSOFT),2022-10-03,Caixa 3
ANAIS DE EVENTO,Exploring Ethical Requirements Elicitation for Applications in the Context of AI,https://sol.sbc.org.br/index.php/sbsi_estendido/article/view/21585,"Cerqueira, José Antonio Siqueira de; Canedo, Edna Dias",COMPANION PROCEEDINGS OF THE BRAZILIAN SYMPOSIUM ON INFORMATION SYSTEMS (SBSI),2022-05-16,Caixa 3
ANAIS DE EVENTO,Amazon Biobank: a Blockchain-based Genomic Database for Bioeconomy,https://sol.sbc.org.br/index.php/sbsi_estendido/article/view/28598,"Kimura, Leonardo T.; Simplício Jr, Marcos A.",COMPANION PROCEEDINGS OF THE BRAZILIAN SYMPOSIUM ON INFORMATION SYSTEMS (SBSI),2024-05-20,Caixa 3
ANAIS DE EVENTO,Front Matter,https://sol.sbc.org.br/index.php/sbsi/article/view/25107,"Cunha, Mônica Ximenes C. da; Souza Júnior, Marcílio F. de; Marques, Johnny C.; Classe, Tadeu M. de; Araújo, Rafael D.",PROCEEDINGS OF THE BRAZILIAN SYMPOSIUM ON INFORMATION SYSTEMS (SBSI),2023-05-29,Caixa 3
ANAIS DE EVENTO,Using PDCA as a General Framework for Teaching and Evaluating the Learning of Software Engineering Disciplines,https://sol.sbc.org.br/index.php/sbsi/article/view/5711,"Mergen, Sérgio; Kepler, Fábio; Silva, João Pablo S. da; Cera, Márcia C.",PROCEEDINGS OF THE BRAZILIAN SYMPOSIUM ON INFORMATION SYSTEMS (SBSI),2013-05-22,Caixa 3
ANAIS DE EVENTO,Front Matter,https://sol.sbc.org.br/index.php/sbsi/article/view/17746,"Araujo, Renata; Siqueira, Sean",PROCEEDINGS OF THE BRAZILIAN SYMPOSIUM ON INFORMATION SYSTEMS (SBSI),2021-06-07,Caixa 3
ANAIS DE EVENTO,Front Matter,https://sol.sbc.org.br/index.php/sbsi/article/view/21391,"Graciano Neto, Valdemar V.; Fontão, Awdren de Lima",PROCEEDINGS OF THE BRAZILIAN SYMPOSIUM ON INFORMATION SYSTEMS (SBSI),2022-05-16,Caixa 3
ANAIS DE EVENTO,A Method Based on Naming Similarity to Identify Reuse Opportunities,https://sol.sbc.org.br/index.php/sbsi/article/view/5976,"Oliveira, Johnatan; Fernandes, Eduardo; Souza, Maurício; Figueiredo, Eduardo",PROCEEDINGS OF THE BRAZILIAN SYMPOSIUM ON INFORMATION SYSTEMS (SBSI),2016-05-17,Caixa 3
ANAIS DE EVENTO,FlowSpy: exploring Activity-Execution Patterns from Business Processes,https://sol.sbc.org.br/index.php/sbsi/article/view/5923,"Tristão, Cristian; Ruiz, Duncan D.; Becker, Karin",PROCEEDINGS OF THE BRAZILIAN SYMPOSIUM ON INFORMATION SYSTEMS (SBSI),2008-04-07,Caixa 3
ANAIS DE EVENTO,Secure and efficient software implementation of QC-MDPC code-based cryptography,https://sol.sbc.org.br/index.php/sscad_estendido/article/view/8710,"Guimarães, Antonio; Aranha, Diego; Borin, Edson",COMPANION PROCEEDINGS OF THE SYMPOSIUM ON HIGH PERFORMANCE COMPUTING SYSTEMS (SSCAD),2019-11-12,Caixa 3
ANAIS DE EVENTO,"MuTARe: A Multi-Target, Adaptive Reconfigurable Architecture",https://sol.sbc.org.br/index.php/sscad_estendido/article/view/8706,"Brandalero, Marcelo; Beck, Antonio Carlos",COMPANION PROCEEDINGS OF THE SYMPOSIUM ON HIGH PERFORMANCE COMPUTING SYSTEMS (SSCAD),2019-11-12,Caixa 3
ANAIS DE EVENTO,Pattern Identification of Bot Messages for Media Literacy,https://sol.sbc.org.br/index.php/webmedia/article/view/17486,"Santos, Eric Ferreira dos; Carvalho, Danilo Silva de; Oliveira, Jonice",PROCEEDINGS OF THE BRAZILIAN SYMPOSIUM ON MULTIMEDIA AND THE WEB (WEBMEDIA),2021-11-05,Caixa 3
ANAIS DE EVENTO,Exploiting Popularity to Improve Blog Search,https://sol.sbc.org.br/index.php/webmedia/article/view/5651,"Santos, Luiz Guilherme P; Gonçalves, Marcos André; Laender, Alberto H.F.; Almeida, Jussara M.; Almeida, Virgílio",PROCEEDINGS OF THE BRAZILIAN SYMPOSIUM ON MULTIMEDIA AND THE WEB (WEBMEDIA),2010-10-05,Caixa 3
ANAIS DE EVENTO,Prefácio e Organização,https://sol.sbc.org.br/index.php/eniac/article/view/22764,"Barros, Rodrigo Coelho; Marcacini, Ricardo",PROCEEDINGS OF THE NATIONAL MEETING ON ARTIFICIAL AND COMPUTATIONAL INTELLIGENCE (ENIAC),2022-11-28,Caixa 3
ANAIS DE EVENTO,Prefácio e Organização,https://sol.sbc.org.br/index.php/eniac/article/view/25905,"Félix, Nadia",PROCEEDINGS OF THE NATIONAL MEETING ON ARTIFICIAL AND COMPUTATIONAL INTELLIGENCE (ENIAC),2023-09-25,Caixa 3
ANAIS DE EVENTO,Secure and efficient software implementation of QC-MDPC code-based cryptography,https://sol.sbc.org.br/index.php/sbseg_estendido/article/view/19272,"Guimarães, Antonio; Aranha, Diego F.; Borin, Edson",COMPANION PROCEEDINGS OF THE BRAZILIAN SYMPOSIUM ON INFORMATION AND COMPUTATIONAL SYSTEMS SECURITY (SBSEG),2020-10-13,Caixa 3
ANAIS DE EVENTO,Text Representation through Multimodal Variational Autoencoder for One-Class Learning,https://sol.sbc.org.br/index.php/webmedia_estendido/article/view/25658,"Gôlo, Marcos Paulo Silva; Marcacini, Ricardo Marcondes",ANAIS ESTENDIDOS DO SIMPóSIO BRASILEIRO DE SISTEMAS MULTIMíDIA E WEB (WEBMEDIA),2023-10-23,Caixa 3
ANAIS DE EVENTO,Exploring ERP Distortions to Reduce the Encoding Time of 360 Videos,https://sol.sbc.org.br/index.php/webmedia_estendido/article/view/17602,"Storch, Iago; Zatt, Bruno; Agostini, Luciano; Palomino, Daniel",ANAIS ESTENDIDOS DO SIMPóSIO BRASILEIRO DE SISTEMAS MULTIMíDIA E WEB (WEBMEDIA),2021-11-05,Caixa 3
ANAIS DE EVENTO,A Conceptual Architecture and a Framework for Dealing with Variability in Mulsemedia Systems,https://sol.sbc.org.br/index.php/webmedia_estendido/article/view/13052,"Saleme, Estêvão Bissoli; Santos, Celso A. S.; Ghinea, Gheorghita",ANAIS ESTENDIDOS DO SIMPóSIO BRASILEIRO DE SISTEMAS MULTIMíDIA E WEB (WEBMEDIA),2020-11-30,Caixa 3
ANAIS DE EVENTO,Pattern Identification of Bot Messages for Media Literacy,https://sol.sbc.org.br/index.php/webmedia_estendido/article/view/17607,"Santos, Eric Ferreira dos; Carvalho, Danilo Silva de; Oliveira, Jonice",ANAIS ESTENDIDOS DO SIMPóSIO BRASILEIRO DE SISTEMAS MULTIMíDIA E WEB (WEBMEDIA),2021-11-05,Caixa 3
ANAIS DE EVENTO,Front Matter,https://sol.sbc.org.br/index.php/stil/article/view/18216,"Ruiz, Evandro Eduardo Seron; Torrent, Tiago Timponi",PROCEEDINGS OF THE BRAZILIAN SYMPOSIUM IN INFORMATION AND HUMAN LANGUAGE TECHNOLOGY (STIL),2021-11-29,Caixa 3
ANAIS DE EVENTO,Topology Control and Opportunistic Routing for Underwater Acoustic Sensor Networks,https://sol.sbc.org.br/index.php/ctd/article/view/3664,"Coutinho, Rodolfo W. L.; Boukerche, Azzedine; Vieira, Luiz; Loureiro, Antonio A. F.",PROCEEDINGS OF THE THESIS AND DISSERTATION CONTEST (CTD),2018-07-26,Caixa 3
ANAIS DE EVENTO,Partial Least Squares: A Deep Space Odyssey,https://sol.sbc.org.br/index.php/ctd/article/view/15753,"Correia, Artur Jordão Lima; Schwartz, William Robson",PROCEEDINGS OF THE THESIS AND DISSERTATION CONTEST (CTD),2021-07-18,Caixa 3
ANAIS DE EVENTO,Dynamic allocation of microservices for virtual reality content delivery to provide quality of experience support in a fog computing architecture,https://sol.sbc.org.br/index.php/ctd/article/view/24853,"Alencar, Derian; Oliveira, Helder; Rosário, Denis",PROCEEDINGS OF THE THESIS AND DISSERTATION CONTEST (CTD),2023-08-06,Caixa 3
ANAIS DE EVENTO,Text Representation through Multimodal Variational Autoencoder for One-Class Learning,https://sol.sbc.org.br/index.php/ctd/article/view/24859,"Gôlo, Marcos Paulo Silva; Marcacini, Ricardo Marcondes",PROCEEDINGS OF THE THESIS AND DISSERTATION CONTEST (CTD),2023-08-06,Caixa 3
ANAIS DE EVENTO,Semantic Hyperlapse: a Sparse Coding-based and Multi-Importance Approach for First-Person Videos,https://sol.sbc.org.br/index.php/ctd/article/view/11364,"Silva, Michel M.; Campos, Mario F. M.; Nascimento, Erickson R.",PROCEEDINGS OF THE THESIS AND DISSERTATION CONTEST (CTD),2020-06-30,Caixa 3
ANAIS DE EVENTO,Improving Software Middleboxes and Datacenter Task Schedulers,https://sol.sbc.org.br/index.php/ctd/article/view/6334,"Sadok, Hugo; Campista, Miguel Elias M.; Costa, Luis Henrique M. K.",PROCEEDINGS OF THE THESIS AND DISSERTATION CONTEST (CTD),2019-06-26,Caixa 3
ANAIS DE EVENTO,Automatic Document Classification Temporally Robust,https://sol.sbc.org.br/index.php/ctd/article/view/27781,"Salles, Thiago; Gonçalves, Marcos André; Rocha, Leonardo",PROCEEDINGS OF THE THESIS AND DISSERTATION CONTEST (CTD),2012-07-16,Caixa 3
ANAIS DE EVENTO,Exploiting Popularity to Improve Blog Search,https://sol.sbc.org.br/index.php/ctd/article/view/29759,"Santos, Luiz Guilherme P.; Gonçalves, Marcos André; Laender, Alberto H. F.",PROCEEDINGS OF THE THESIS AND DISSERTATION CONTEST (CTD),2010-07-20,Caixa 3
ANAIS DE EVENTO,Data Collection and Medium Access Control Solutions for Underwater Wireless Sensor Networks,https://sol.sbc.org.br/index.php/ctd/article/view/15758,"Câmara Júnior, Eduardo P. M.; Vieira, Luiz F. M.; Vieira, Marcos A. M.",PROCEEDINGS OF THE THESIS AND DISSERTATION CONTEST (CTD),2021-07-18,Caixa 3
ANAIS DE EVENTO,Synthesizing Realistic Human Dance Motions Conditioned by Musical Data using Graph Convolutional Networks,https://sol.sbc.org.br/index.php/ctd/article/view/15762,"Ferreira, João P. M.; Martins, Renato; Nascimento, Erickson R.",PROCEEDINGS OF THE THESIS AND DISSERTATION CONTEST (CTD),2021-07-18,Caixa 3
ANAIS DE EVENTO,Ubiquitous Wireless Power Transfer for Multiple Mobile Devices,https://sol.sbc.org.br/index.php/ctd/article/view/15764,"Souza, Alexander Decker de; Vieira, Luiz Filipe Menezes; Vieira, Marcos Augusto Menezes",PROCEEDINGS OF THE THESIS AND DISSERTATION CONTEST (CTD),2021-07-18,Caixa 3
ANAIS DE EVENTO,Towards Reliable Intrusion Detection in High Speed Networks,https://sol.sbc.org.br/index.php/ctd/article/view/6330,"Viegas, Eduardo K.; Santin, Altair O.",PROCEEDINGS OF THE THESIS AND DISSERTATION CONTEST (CTD),2019-06-26,Caixa 3
ANAIS DE EVENTO,Digital Video Stabilization: Algorithms and Evaluation,https://sol.sbc.org.br/index.php/ctd/article/view/6338,"Souza, Marcos Roberto e; Pedrini, Helio",PROCEEDINGS OF THE THESIS AND DISSERTATION CONTEST (CTD),2019-06-26,Caixa 3
ANAIS DE EVENTO,Mining the Technical Skills of Open Source Developers,https://sol.sbc.org.br/index.php/ctd/article/view/20776,"Montandon, João Eduardo; Valente, Marco Túlio",PROCEEDINGS OF THE THESIS AND DISSERTATION CONTEST (CTD),2022-07-31,Caixa 3
ANAIS DE EVENTO,Towards a Personalized Multi-objective Vehicular Traffic Re-routing System,https://sol.sbc.org.br/index.php/ctd/article/view/20780,"Souza, Allan M. de; Villas, Leandro A.; Braun, Torsten",PROCEEDINGS OF THE THESIS AND DISSERTATION CONTEST (CTD),2022-07-31,Caixa 3
ANAIS DE EVENTO,Data Protection based on Searchable Encryption and Anonymization Techniques,https://sol.sbc.org.br/index.php/ctd/article/view/29279,"Silveira, Matheus M.; Gomes, Rafael L.",PROCEEDINGS OF THE THESIS AND DISSERTATION CONTEST (CTD),2024-07-21,Caixa 3
ANAIS DE EVENTO,Design and Analysis of Routing Protocols for the Internet of Drones,https://sol.sbc.org.br/index.php/ctd/article/view/29269,"Bine, Lailla M. S.; Ruiz, Linnyer B.; Loureiro, Antonio A. F.",PROCEEDINGS OF THE THESIS AND DISSERTATION CONTEST (CTD),2024-07-21,Caixa 3
ANAIS DE EVENTO,"Digital Video Stabilization: Methods, Datasets, and Evaluation",https://sol.sbc.org.br/index.php/ctd/article/view/29266,"Souza, Marcos Roberto e; Maia, Helena de Almeida; Pedrini, Hélio",PROCEEDINGS OF THE THESIS AND DISSERTATION CONTEST (CTD),2024-07-21,Caixa 3
ANAIS DE EVENTO,A Stochastic Approach to Generate Emergent Behaviors in Robotic Swarms,https://sol.sbc.org.br/index.php/ctd/article/view/29268,"Rezeck, Paulo; Chaimowicz, Luiz",PROCEEDINGS OF THE THESIS AND DISSERTATION CONTEST (CTD),2024-07-21,Caixa 3
ANAIS DE EVENTO,High-Performance Elliptic Curve Cryptography: A SIMD Approach to Modern Curves,https://sol.sbc.org.br/index.php/ctd/article/view/24846,"Faz-Hernández, Armando; López, Julio",PROCEEDINGS OF THE THESIS AND DISSERTATION CONTEST (CTD),2023-08-06,Caixa 3
ANAIS DE EVENTO,Parkinson sEMG signal prediction and generation with Neural Networks,https://sol.sbc.org.br/index.php/ctd/article/view/15759,"Zanini, Rafael Anicet; Colombini, Esther Luna",PROCEEDINGS OF THE THESIS AND DISSERTATION CONTEST (CTD),2021-07-18,Caixa 3
ANAIS DE EVENTO,Personalized Route Selection Methods in an Urban Computing Scenario,https://sol.sbc.org.br/index.php/ctd/article/view/29277,"Brito, Matheus; Cerqueira, Eduardo; Rosário, Denis",PROCEEDINGS OF THE THESIS AND DISSERTATION CONTEST (CTD),2024-07-21,Caixa 3
ANAIS DE EVENTO,Cybersickness Analysis Using Symbolic Machine Learning Algorithms,https://sol.sbc.org.br/index.php/ctd/article/view/20781,"Porcino, Thiago; Trevisan, Daniela; Clua, Esteban",PROCEEDINGS OF THE THESIS AND DISSERTATION CONTEST (CTD),2022-07-31,Caixa 3
ANAIS DE EVENTO,A Conceptual Architecture and a Framework for Dealing with Variability in Mulsemedia Systems,https://sol.sbc.org.br/index.php/ctd/article/view/11362,"Saleme, Estêvão Bissoli; Santos, Celso Alberto Saibel; Ghinea, George",PROCEEDINGS OF THE THESIS AND DISSERTATION CONTEST (CTD),2020-06-30,Caixa 3
ANAIS DE EVENTO,Scalable Cost-Efficient Placement and Chaining of Virtual Network Functions,https://sol.sbc.org.br/index.php/ctd/article/view/3660,"Luizelli, Marcelo Caggiani; Buriol, Luciana Salete; Gaspary, Luciano Paschoal",PROCEEDINGS OF THE THESIS AND DISSERTATION CONTEST (CTD),2018-07-26,Caixa 3
ANAIS DE EVENTO,"MuTARe: A Multi-Target, Adaptive Reconfigurable Architecture",https://sol.sbc.org.br/index.php/ctd/article/view/11363,"Brandalero, Marcelo; Carro, Luigi; Beck, Antonio Carlos Schneider",PROCEEDINGS OF THE THESIS AND DISSERTATION CONTEST (CTD),2020-06-30,Caixa 3
ANAIS DE EVENTO,Super-Resolution Towards License Plate Recognition,https://sol.sbc.org.br/index.php/ctd/article/view/29271,"Nascimento, Valfride; Laroca, Rayson; Menotti, David",PROCEEDINGS OF THE THESIS AND DISSERTATION CONTEST (CTD),2024-07-21,Caixa 3
ANAIS DE EVENTO,"Analyses of Musical Success based on Time, Genre and Collaboration",https://sol.sbc.org.br/index.php/ctd/article/view/20784,"Oliveira, Gabriel P.; Lacerda, Anisio; Moro, Mirella M.",PROCEEDINGS OF THE THESIS AND DISSERTATION CONTEST (CTD),2022-07-31,Caixa 3
ANAIS DE EVENTO,On the Cost-Effectiveness of Stacking of Neural and Non-Neural Methods for Text Classification: Scenarios and Performance Prediction,https://sol.sbc.org.br/index.php/ctd/article/view/20785,"Gomes, Christian; Rocha, Leonardo; Gonçalves, Marcos",PROCEEDINGS OF THE THESIS AND DISSERTATION CONTEST (CTD),2022-07-31,Caixa 3
ANAIS DE EVENTO,Towards Intelligent Security Mechanisms for Connected Things,https://sol.sbc.org.br/index.php/ctd/article/view/29264,"Araujo-Filho, Paulo Freitas de; Campelo, Divanilson R.; Kaddoum, Georges",PROCEEDINGS OF THE THESIS AND DISSERTATION CONTEST (CTD),2024-07-21,Caixa 3
ANAIS DE EVENTO,NoSqlayer: a Framework for Migrating Relational Datasets to NoSQL Models,https://sol.sbc.org.br/index.php/ctic/article/view/10506,"Vale, Fernando; Rocha, Leonardo",ANAIS DO CONCURSO DE TRABALHOS DE INICIAçãO CIENTíFICA DA SBC (CTIC-SBC),2014-07-28,Caixa 3
ANAIS DE EVENTO,On the Execution Time of Programs in Stochastic Scheduling,https://sol.sbc.org.br/index.php/ctic/article/view/11051,"Saldanha, Matheus Henrique Junqueira; Suzuki , Adriano  Kamimura",ANAIS DO CONCURSO DE TRABALHOS DE INICIAçãO CIENTíFICA DA SBC (CTIC-SBC),2020-06-30,Caixa 3
ANAIS DE EVENTO,Simulating Systems-of-Systems Dynamic Architectures,https://sol.sbc.org.br/index.php/ctic/article/view/6388,"Manzano, Wallace; Neto, Valdemar; Nakagawa, Elisa Yumi",ANAIS DO CONCURSO DE TRABALHOS DE INICIAçãO CIENTíFICA DA SBC (CTIC-SBC),2019-07-01,Caixa 3
ANAIS DE EVENTO,SACI: Sentiment Analysis by Collective Inspection on Social Media Content,https://sol.sbc.org.br/index.php/ctic/article/view/10508,"Chaves, Rodrigo; Sá, Giovanni; Vieira, Ramon; Mourão, Fernando; Rocha, Leonardo",ANAIS DO CONCURSO DE TRABALHOS DE INICIAçãO CIENTíFICA DA SBC (CTIC-SBC),2014-07-28,Caixa 3
ANAIS DE EVENTO,Linial’s Conjecture for Arc-spine Digraphs,https://sol.sbc.org.br/index.php/ctic/article/view/7161,"Yoshimura, Lucas Rigo; Sambinelli, Maycon; da Silva, Cândida Nunes; Lee, Orlando",ANAIS DO CONCURSO DE TRABALHOS DE INICIAçãO CIENTíFICA DA SBC (CTIC-SBC),2019-07-01,Caixa 3
ANAIS DE EVENTO,Improving Monte Carlo Localization with Strategic Navigation Policies and Optimal Landmark Placement,https://sol.sbc.org.br/index.php/ctic/article/view/11057,"Ferreira Júnior , Henrique José  dos S.; Figueiredo, Daniel  Ratton",ANAIS DO CONCURSO DE TRABALHOS DE INICIAçãO CIENTíFICA DA SBC (CTIC-SBC),2020-06-30,Caixa 3
ANAIS DE EVENTO,Domain-Dependent Heuristics and Tie-Breakers: Topics in Automated Planning,https://sol.sbc.org.br/index.php/ctic/article/view/3233,"Corrêa, Augusto B.; Pereira, André G.; Ritt, Marcus",ANAIS DO CONCURSO DE TRABALHOS DE INICIAçãO CIENTíFICA DA SBC (CTIC-SBC),2018-07-26,Caixa 3
ANAIS DE EVENTO,Fast CUDA-based Implementations of Automatic Document Classification Algorithms,https://sol.sbc.org.br/index.php/ctic/article/view/10504,"Ramos, Gabriel; Andrade, Guilherme; Viegas, Felipe; Madeira, Daniel; Rocha, Leonardo",ANAIS DO CONCURSO DE TRABALHOS DE INICIAçãO CIENTíFICA DA SBC (CTIC-SBC),2014-07-28,Caixa 3
ANAIS DE EVENTO,On the Graceful Game,https://sol.sbc.org.br/index.php/ctic/article/view/11050,"Frickes, Luisa ; Dantas, Simone; Luiz, Atílio  G.",ANAIS DO CONCURSO DE TRABALHOS DE INICIAçãO CIENTíFICA DA SBC (CTIC-SBC),2020-06-30,Caixa 3
ANAIS DE EVENTO,,https://sol.sbc.org.br/index.php/courb/article/view/7468,"Ferreira Viana, Johnattan Douglas  ; Braga, Oton Crispim; Silva, Lenardo Chaves e; Mendes Neto, Francisco Milton",PROCEEDINGS OF THE URBAN COMPUTING WORKSHOP (COURB),2019-09-10,Caixa 3
ANAIS DE EVENTO,,https://sol.sbc.org.br/index.php/courb/article/view/7470,"Morais, Mayuri A.; Camargo, Raphael Y.",PROCEEDINGS OF THE URBAN COMPUTING WORKSHOP (COURB),2019-09-10,Caixa 3
ANAIS DE EVENTO,,https://sol.sbc.org.br/index.php/courb/article/view/7473,"Saran, Jordan Ferreira; Botega, Leonardo  ",PROCEEDINGS OF THE URBAN COMPUTING WORKSHOP (COURB),2019-09-10,Caixa 3
ANAIS DE EVENTO,Personalized Route Selection Methods in an Urban Computing Scenario,https://sol.sbc.org.br/index.php/sbrc_estendido/article/view/29966,"Brito, Matheus; Cerqueira, Eduardo; Rosário, Denis",COMPANION PROCEEDINGS OF THE BRAZILIAN SYMPOSIUM ON COMPUTER NETWORKS AND DISTRIBUTED SYSTEMS (SBRC),2024-05-20,Caixa 3
ANAIS DE EVENTO,Ubiquitous Wireless Power Transfer for Multiple Mobile Devices,https://sol.sbc.org.br/index.php/sbrc_estendido/article/view/17171,"Sousa, Alexander Decker de; Vieira, Luiz Filipe Menezes; Vieira, Marcos Augusto Menezes",COMPANION PROCEEDINGS OF THE BRAZILIAN SYMPOSIUM ON COMPUTER NETWORKS AND DISTRIBUTED SYSTEMS (SBRC),2021-08-16,Caixa 3
ANAIS DE EVENTO,Towards Intelligent Security Mechanisms for Connected Things,https://sol.sbc.org.br/index.php/sbrc_estendido/article/view/29960,"Araujo-Filho, Paulo Freitas de; Campelo, Divanilson R.; Kaddoum, Georges",COMPANION PROCEEDINGS OF THE BRAZILIAN SYMPOSIUM ON COMPUTER NETWORKS AND DISTRIBUTED SYSTEMS (SBRC),2024-05-20,Caixa 3
ANAIS DE EVENTO,Design and Analysis of Routing Protocols for the Internet of Drones,https://sol.sbc.org.br/index.php/sbrc_estendido/article/view/29963,"Bine, Lailla M. S.; Ruiz, Linnyer B.; Loureiro, Antonio A. F.",COMPANION PROCEEDINGS OF THE BRAZILIAN SYMPOSIUM ON COMPUTER NETWORKS AND DISTRIBUTED SYSTEMS (SBRC),2024-05-20,Caixa 3
ANAIS DE EVENTO,Topology Control and Opportunistic Routing for Underwater Acoustic Sensor Networks,https://sol.sbc.org.br/index.php/sbrc_estendido/article/view/14179,"Coutinho, Rodolfo; Boukerche, Azzedine; Vieira, Luiz; Loureiro, Antonio",COMPANION PROCEEDINGS OF THE BRAZILIAN SYMPOSIUM ON COMPUTER NETWORKS AND DISTRIBUTED SYSTEMS (SBRC),2018-05-06,Caixa 3
ANAIS DE EVENTO,Improving Software Middleboxes and Datacenter Task Schedulers,https://sol.sbc.org.br/index.php/sbrc_estendido/article/view/7780,"Sadok, Hugo; Campista, Miguel Elias M.; Costa, Luís Henrique M. K.",COMPANION PROCEEDINGS OF THE BRAZILIAN SYMPOSIUM ON COMPUTER NETWORKS AND DISTRIBUTED SYSTEMS (SBRC),2019-05-06,Caixa 3
ANAIS DE EVENTO,Dynamic allocation of microservices for virtual reality content delivery to provide quality of experience support in a fog computing architecture,https://sol.sbc.org.br/index.php/sbrc_estendido/article/view/24635,"Alencar, Derian; Oliveira, Helder; Rosário, Denis",COMPANION PROCEEDINGS OF THE BRAZILIAN SYMPOSIUM ON COMPUTER NETWORKS AND DISTRIBUTED SYSTEMS (SBRC),2023-05-22,Caixa 3
ANAIS DE EVENTO,Data Collection and Medium Access Control Solutions for Underwater Wireless Sensor Networks,https://sol.sbc.org.br/index.php/sbrc_estendido/article/view/17161,"Câmara Júnior, Eduardo P. M.; Vieira, Luiz F. M.; Vieira, Marcos A. M.",COMPANION PROCEEDINGS OF THE BRAZILIAN SYMPOSIUM ON COMPUTER NETWORKS AND DISTRIBUTED SYSTEMS (SBRC),2021-08-16,Caixa 3
ANAIS DE EVENTO,Scalable Cost-Efficient Placement and Chaining of Virtual Network Functions,https://sol.sbc.org.br/index.php/sbrc_estendido/article/view/14184,"Luizelli, Marcelo; Buriol, Luciana; Gaspary, Luciano",COMPANION PROCEEDINGS OF THE BRAZILIAN SYMPOSIUM ON COMPUTER NETWORKS AND DISTRIBUTED SYSTEMS (SBRC),2018-05-06,Caixa 3
ANAIS DE EVENTO,Towards a Personalized Multi-objective Vehicular Traffic Re-routing System,https://sol.sbc.org.br/index.php/sbrc_estendido/article/view/21426,"Souza, Allan M. de; Villas, Leandro A.; Braun, Torsten",COMPANION PROCEEDINGS OF THE BRAZILIAN SYMPOSIUM ON COMPUTER NETWORKS AND DISTRIBUTED SYSTEMS (SBRC),2022-05-23,Caixa 3
ANAIS DE EVENTO,Resilient Routing for SDM-EON as a Crucial Enabler for the New Traffic Generation,https://sol.sbc.org.br/index.php/sbrc_estendido/article/view/24649,"Lopes, Rafael S.; Oliveira, Helder M. N. S.",COMPANION PROCEEDINGS OF THE BRAZILIAN SYMPOSIUM ON COMPUTER NETWORKS AND DISTRIBUTED SYSTEMS (SBRC),2023-05-22,Caixa 3
ANAIS DE EVENTO,Blockchain-based data governance for privacy-preserving in multi-stakeholder settings,https://sol.sbc.org.br/index.php/sbrc_estendido/article/view/29968,"Garcia, Rodrigo Dutra; Ueyama, Jó",COMPANION PROCEEDINGS OF THE BRAZILIAN SYMPOSIUM ON COMPUTER NETWORKS AND DISTRIBUTED SYSTEMS (SBRC),2024-05-20,Caixa 3
ANAIS DE EVENTO,Towards Reliable Intrusion Detection in High Speed Networks,https://sol.sbc.org.br/index.php/sbrc_estendido/article/view/7785,"Viegas, Eduardo K.; Santin, Altair O.",COMPANION PROCEEDINGS OF THE BRAZILIAN SYMPOSIUM ON COMPUTER NETWORKS AND DISTRIBUTED SYSTEMS (SBRC),2019-05-06,Caixa 3
ANAIS DE EVENTO,,https://sol.sbc.org.br/index.php/sscad/article/view/259,"da S. Segalin, Vinicius; F. Dorneles, Carina; A. R. Dantas, Mario",PROCEEDINGS OF THE SYMPOSIUM ON HIGH PERFORMANCE COMPUTING SYSTEMS (SSCAD),2017-10-17,Caixa 3
ANAIS DE EVENTO,Prefácio e Organização,https://sol.sbc.org.br/index.php/webmedia_estendido/article/view/38143,"Colcher, Sergio",ANAIS ESTENDIDOS DO SIMPóSIO BRASILEIRO DE SISTEMAS MULTIMíDIA E WEB (WEBMEDIA),2025-11-10,Caixa 3
ANAIS DE EVENTO,Prefácio e Organização,https://sol.sbc.org.br/index.php/sbgames/article/view/37318,"Classe, Tadeu Moreira de; Pessoa, Marcela Sávia Picanço",PROCEEDINGS OF THE BRAZILIAN SYMPOSIUM ON COMPUTER GAMES AND DIGITAL ENTERTAINMENT (SBGAMES),2025-09-30,Caixa 4
ANAIS DE EVENTO,Prefácio e Organização,https://sol.sbc.org.br/index.php/sbgames_estendido/article/view/37109,"Classe, Tadeu Moreira de; Pessoa, Marcela Sávia Picanço",COMPANION PROCEEDINGS OF THE BRAZILIAN SYMPOSIUM ON COMPUTER GAMES AND DIGITAL ENTERTAINMENT (SBGAMES),2025-09-30,Caixa 4
ANAIS DE EVENTO,Front Matter,https://sol.sbc.org.br/index.php/se4games/article/view/36933,"Formico, Andréia; Kohwalter, Troy",PROCEEDINGS OF WORKSHOP ON SOFTWARE ENGINEERING FOR GAME DEVELOPMENT (SE4GAMES),2025-09-23,Caixa 4
ANAIS DE EVENTO,Front Matter,https://sol.sbc.org.br/index.php/sedt/article/view/36929,"Cavalcante, Everton; Batista, Thais; Oquendo, Flavio",PROCEEDINGS OF WORKSHOP ON SOFTWARE ENGINEERING FOR DIGITAL TWINS (SEDT),2025-09-23,Caixa 4
ANAIS DE EVENTO,Front Matter,https://sol.sbc.org.br/index.php/wbots/article/view/36919,"Valle, Pedro Henrique Dias; Silva, Williamson Alison Freitas",ANAIS DO WORKSHOP SOBRE BOTS NA ENGENHARIA DE SOFTWARE (WBOTS),2025-09-22,Caixa 4
ANAIS DE EVENTO,Front Matter,https://sol.sbc.org.br/index.php/cbsoft_estendido/article/view/36955,"Coelho, Roberta de Souza; Souza, Simone do Rocio Senger de; Araújo, Allysson Allex; Fonseca, Liliane; Almeida, Eduardo Santana de; Borba, Paulo Henrique Monteiro; Soares, Sérgio Castelo Branco; Garcia, Vinicius Cardoso",COMPANION PROCEEDINGS OF THE BRAZILIAN CONFERENCE ON SOFTWARE: THEORY AND PRACTICE (CBSOFT),2025-09-22,Caixa 4
ANAIS DE EVENTO,Front Matter,https://sol.sbc.org.br/index.php/ise/article/view/36856,"Perkusich, Mirko; Albuquerque, Danyllo; Dantas Filho, Emanuel; Paixão, Matheus Henrique Esteves",PROCEEDINGS OF THE BRAZILIAN WORKSHOP ON INTELLIGENT SOFTWARE ENGINEERING (ISE),2025-09-23,Caixa 4
ANAIS DE EVENTO,Front Matter,https://sol.sbc.org.br/index.php/vem/article/view/36866,"Cafeo, Bruno; Pereira, Juliana Alves","PROCEEDINGS OF THE WORKSHOP ON SOFTWARE VISUALIZATION, EVOLUTION AND MAINTENANCE (VEM)",2025-09-22,Caixa 4
ANAIS DE EVENTO,Front Matter,https://sol.sbc.org.br/index.php/mssis/article/view/36847,"Oliveira, André Luiz de; Barbosa, Jacson Rodrigues; Kassab, Mohamad",PROCEEDINGS OF THE WORKSHOP ON MODELING AND SIMULATION OF SOFTWARE-INTENSIVE SYSTEMS (MSSIS),2025-09-22,Caixa 4
ANAIS DE EVENTO,Linguagem para Aquisição de Dados Programada por Fluxo de Atividade,https://sol.sbc.org.br/index.php/connect/article/view/36488,"Santos, Vinicius M. L.; Vieira, Anacilia M. C. de A. P.; Freitas, Carlos A. O. de",PROCEEDINGS OF THE ICET TECHNOLOGY CONFERENCE (CONNECTECH),2025-07-01,Caixa 4
ANAIS DE EVENTO,Aspectos para Construção de Aplicações Distribuídas,https://sol.sbc.org.br/index.php/ctd/article/view/36437,"Maffort, Cristiano Amaral; Valente, Marco Túlio de Oliveira",PROCEEDINGS OF THE THESIS AND DISSERTATION CONTEST (CTD),2008-07-12,Caixa 4
ANAIS DE EVENTO,Estratégias para o Ensino de Machine Learning para Estudantes em Vulnerabilidade Social no Ensino Fundamental e Médio: Um Resumo,https://sol.sbc.org.br/index.php/ctd/article/view/36347,"Martins, Ramon Mayor",PROCEEDINGS OF THE THESIS AND DISSERTATION CONTEST (CTD),2025-07-20,Caixa 4
ANAIS DE EVENTO,Prefácio e Organização,https://sol.sbc.org.br/index.php/educomp_estendido/article/view/34900,"Carvalho, Leandro Silva Galvão de",COMPANION PROCEEDINGS OF THE BRAZILIAN SYMPOSIUM ON COMPUTING EDUCATION (EDUCOMP),2025-04-07,Caixa 4
ANAIS DE EVENTO,Estratégias para o Ensino de Machine Learning para Estudantes em Vulnerabilidade Social no Ensino Fundamental e Médio: Um Resumo,https://sol.sbc.org.br/index.php/educomp_estendido/article/view/34923,"Martins, Ramon Mayor; Wangenheim, Christiane G. von",COMPANION PROCEEDINGS OF THE BRAZILIAN SYMPOSIUM ON COMPUTING EDUCATION (EDUCOMP),2025-04-07,Caixa 4
ANAIS DE EVENTO,Front Matter,https://sol.sbc.org.br/index.php/sbsi_estendido/article/view/34577,"Araújo, Allysson Allex; Canedo, Edna Dias; Araújo, Rafael Dias; Farias Júnior, Ivaldir Honório de; Kozievitch, Nádia Puchalski; Souza Júnior, Marcílio Ferreira de; Emer, Maria Claudia; Cunha, Mônica Ximenes Carneiro da; Valença, George; Alencar, Andrêza Leite de; Santos, Ronnie de Souza",COMPANION PROCEEDINGS OF THE BRAZILIAN SYMPOSIUM ON INFORMATION SYSTEMS (SBSI),2025-05-19,Caixa 4
ANAIS DE EVENTO,Prefácio e Organização,https://sol.sbc.org.br/index.php/sbceb/article/view/34473,"França, Rozelma Soares de; Santoro, Flavia Maria",PROCEEDINGS OF THE BRAZILIAN SYMPOSIUM ON COMPUTING IN BASIC EDUCATION (SBC-EB),2025-04-09,Caixa 4
ANAIS DE EVENTO,Abordagem para seleção de exemplos trabalhados para engenharia de software do domínio de sistemas distribuídos,https://sol.sbc.org.br/index.php/educomp/article/view/34200,"Silva, Breno Farias da; Wiese, Igor Scaliante; Campiolo, Rodrigo; Silva, Marco Aurélio Graciotto",PROCEEDINGS OF THE BRAZILIAN SYMPOSIUM ON COMPUTING EDUCATION (EDUCOMP),2025-04-07,Caixa 4
ANAIS DE EVENTO,Prefácio e Organização,https://sol.sbc.org.br/index.php/educomp/article/view/34181,"Carvalho, Leandro Silva Galvão de",PROCEEDINGS OF THE BRAZILIAN SYMPOSIUM ON COMPUTING EDUCATION (EDUCOMP),2025-04-07,Caixa 4
ANAIS DE EVENTO,Prefácio e Organização,https://sol.sbc.org.br/index.php/eniac/article/view/33695,"Dimuro, Graçaliz Pereira; Prati, Ronaldo Cristiano",PROCEEDINGS OF THE NATIONAL MEETING ON ARTIFICIAL AND COMPUTATIONAL INTELLIGENCE (ENIAC),2011-07-19,Caixa 4
ANAIS DE EVENTO,Prefácio e Organização,https://sol.sbc.org.br/index.php/wesaac/article/view/33433,"Aguiar, Marilton Sanchotene de; Adamatti, Diana Francisca","ANAIS DO WORKSHOP-ESCOLA DE SISTEMAS DE AGENTES, SEUS AMBIENTES E APLICAçõES (WESAAC)",2023-08-30,Caixa 4
ANAIS DE EVENTO,Prefácio e Organização,https://sol.sbc.org.br/index.php/wesaac/article/view/33450,"Hoelz, Bruno Werneck Pinto; Alves, Conceição de Maria Albuquerque","ANAIS DO WORKSHOP-ESCOLA DE SISTEMAS DE AGENTES, SEUS AMBIENTES E APLICAçõES (WESAAC)",2024-08-14,Caixa 4
ANAIS DE EVENTO,Prefácio e Organização,https://sol.sbc.org.br/index.php/wesaac/article/view/33335,"Marchi, Jerusa; Alves, Gleifer Vaz; Lugo, Gustavo Guiménez","ANAIS DO WORKSHOP-ESCOLA DE SISTEMAS DE AGENTES, SEUS AMBIENTES E APLICAçõES (WESAAC)",2019-05-02,Caixa 4
ANAIS DE EVENTO,Prefácio e Organização,https://sol.sbc.org.br/index.php/wesaac/article/view/33107,"Lugo, Gustavo A. Giménez; Hübner, Jomi Fred; Tacla, Cesar Augusto","ANAIS DO WORKSHOP-ESCOLA DE SISTEMAS DE AGENTES, SEUS AMBIENTES E APLICAçõES (WESAAC)",2011-04-27,Caixa 4
ANAIS DE EVENTO,Prefácio e Organização,https://sol.sbc.org.br/index.php/wesaac/article/view/33420,"Brito, Maiquel de; Zatelli, Maicon Rafael; Costa, Augusto Cesar Pinto Loureiro da","ANAIS DO WORKSHOP-ESCOLA DE SISTEMAS DE AGENTES, SEUS AMBIENTES E APLICAçõES (WESAAC)",2022-08-31,Caixa 4
ANAIS DE EVENTO,Prefácio e Organização,https://sol.sbc.org.br/index.php/wesaac/article/view/33402,"Pantoja, Carlos Eduardo; Brito, Maiquel de; Zatelli, Maicon","ANAIS DO WORKSHOP-ESCOLA DE SISTEMAS DE AGENTES, SEUS AMBIENTES E APLICAçõES (WESAAC)",2021-08-10,Caixa 4
ANAIS DE EVENTO,Prefácio e Organização,https://sol.sbc.org.br/index.php/wesaac/article/view/33375,"Alves, Gleifer Vaz; Lugo, Gustavo Giménez; Borges, André Pinz; Pantoja, Carlos Eduardo","ANAIS DO WORKSHOP-ESCOLA DE SISTEMAS DE AGENTES, SEUS AMBIENTES E APLICAçõES (WESAAC)",2020-07-07,Caixa 4
ANAIS DE EVENTO,Prefácio e Organização,https://sol.sbc.org.br/index.php/wesaac/article/view/33163,"Brandão, Anarosa Alves Franco; Bordini, Rafael Heitor; Sichman, Jaime Simão","ANAIS DO WORKSHOP-ESCOLA DE SISTEMAS DE AGENTES, SEUS AMBIENTES E APLICAçõES (WESAAC)",2013-05-26,Caixa 4
ANAIS DE EVENTO,Prefácio e Organização,https://sol.sbc.org.br/index.php/wesaac/article/view/33222,"Adamatti, Diana Francisca; Cortés, Mariela Inés; Brandão, Anarosa Alves","ANAIS DO WORKSHOP-ESCOLA DE SISTEMAS DE AGENTES, SEUS AMBIENTES E APLICAçõES (WESAAC)",2017-05-04,Caixa 4
ANAIS DE EVENTO,Prefácio e Organização,https://sol.sbc.org.br/index.php/wesaac/article/view/33200,"Santos Neto, Baldoíno Fonseca dos; Adamatti, Diana Francisca","ANAIS DO WORKSHOP-ESCOLA DE SISTEMAS DE AGENTES, SEUS AMBIENTES E APLICAçõES (WESAAC)",2016-05-23,Caixa 4
ANAIS DE EVENTO,Prefácio e Organização,https://sol.sbc.org.br/index.php/wesaac/article/view/33250,"Cortés, Mariela Inés; Marchi, Jerusa; Vasconcelos, Eurico","ANAIS DO WORKSHOP-ESCOLA DE SISTEMAS DE AGENTES, SEUS AMBIENTES E APLICAçõES (WESAAC)",2018-05-02,Caixa 4
ANAIS DE EVENTO,Foreword and Organizing Committee,https://sol.sbc.org.br/index.php/wesaac/article/view/33047,"Adamatti, Diana Francisca; Emmendorfer, Leonardo; Lugo, Gustavo A. Giménez; Werhli, Adriano","ANAIS DO WORKSHOP-ESCOLA DE SISTEMAS DE AGENTES, SEUS AMBIENTES E APLICAçõES (WESAAC)",2010-04-19,Caixa 4
ANAIS DE EVENTO,Prefácio e Organização,https://sol.sbc.org.br/index.php/wesaac/article/view/33131,"Hübner, Jomi Fred; Brandão, Anarosa Alves Franco; Silveira, Ricardo; Marchi, Jerusa","ANAIS DO WORKSHOP-ESCOLA DE SISTEMAS DE AGENTES, SEUS AMBIENTES E APLICAçõES (WESAAC)",2012-05-02,Caixa 4
ANAIS DE EVENTO,,https://sol.sbc.org.br/index.php/laai-ethics/article/view/32476,"Freitag, Raquel Meister Ko.",PROCEEDINGS OF THE LATIN AMERICAN ETHICS ON ARTIFICIAL INTELLIGENCE,2024-12-31,Caixa 4
ANAIS DE EVENTO,Prefácio e Organização,https://sol.sbc.org.br/index.php/sbgames/article/view/32436,"Classe, Tadeu Moreira de; Bicho, Alessandro de Lima",PROCEEDINGS OF THE BRAZILIAN SYMPOSIUM ON COMPUTER GAMES AND DIGITAL ENTERTAINMENT (SBGAMES),2024-09-30,Caixa 4
ANAIS DE EVENTO,Foreword and Organizing Committee,https://sol.sbc.org.br/index.php/sbgames_estendido/article/view/32157,"Classe, Tadeu Moreira de; Bicho, Alessandro de Lima",COMPANION PROCEEDINGS OF THE BRAZILIAN SYMPOSIUM ON COMPUTER GAMES AND DIGITAL ENTERTAINMENT (SBGAMES),2024-09-30,Caixa 4
ANAIS DE EVENTO,Uma Abordagem Gamificada para a Resolução de Problemas de Melhoria do Processo de Software,https://sol.sbc.org.br/index.php/sbgames_estendido/article/view/32139,"Soares, Elziane Monteiro; Oliveira, Sandro Ronaldo Bezerra",COMPANION PROCEEDINGS OF THE BRAZILIAN SYMPOSIUM ON COMPUTER GAMES AND DIGITAL ENTERTAINMENT (SBGAMES),2024-09-30,Caixa 4
ANAIS DE EVENTO,Boolace: Jogo Educacional para Auxiliar o Ensino e a Aprendizagem de Lógica Proposicional,https://sol.sbc.org.br/index.php/sbgames_estendido/article/view/32133,"Souza, Márcio Flávio Barbosa de; Oliveira, Márcia Gonçalves de; Souza, Maria Alice Veiga Ferreira de",COMPANION PROCEEDINGS OF THE BRAZILIAN SYMPOSIUM ON COMPUTER GAMES AND DIGITAL ENTERTAINMENT (SBGAMES),2024-09-30,Caixa 4
ANAIS DE EVENTO,Boolace: Jogo Educacional para Auxiliar o Ensino e a Aprendizagem de Lógica Proposicional,https://sol.sbc.org.br/index.php/cbie_estendido/article/view/31762,"Souza, Márcio Flávio Barbosa de; Oliveira, Márcia Gonçalves de; Souza, Maria Alice Veiga Ferreira de",COMPANION PROCEEDINGS OF THE BRAZILIAN CONGRESS ON COMPUTERS IN EDUCATION (CBIE),2024-11-04,Caixa 4
ANAIS DE EVENTO,Exemplo de uso do template da SBC para artigos em português para publicação em anais de eventos na SOL,https://sol.sbc.org.br/index.php/jems/article/view/31626,"Viterbo, José; Lago, Nelson Silva; Vieira, Raphael Malinski; Granville, Lisandro",TESTE JEMS,2024-12-01,Caixa 4
ANAIS DE EVENTO,Exemplo de uso do template da SBC para artigos em português para publicação em anais de eventos na SOL,https://sol.sbc.org.br/index.php/jems/article/view/31628,"Viterbo, José; Lago, Nelson Silva; Vieira, Raphael Malinski; Granville, Lisandro",TESTE JEMS,2024-12-01,Caixa 4
ANAIS DE EVENTO,Exemplo de uso do template da SBC para artigos em português para publicação em anais de eventos na SOL,https://sol.sbc.org.br/index.php/jems/article/view/31627,"Viterbo, José; Lago, Nelson Silva; Vieira, Raphael Malinski; Granville, Lisandro",TESTE JEMS,2024-12-01,Caixa 4
ANAIS DE EVENTO,,https://sol.sbc.org.br/index.php/jems/article/view/31023,"Viterbo, José; Lago, Nelson Silva; Vieira, Raphael Malinski; Granville, Lisandro",TESTE JEMS,2024-10-28,Caixa 5
ANAIS DE EVENTO,,https://sol.sbc.org.br/index.php/jems/article/view/31021,"Viterbo, José; Lago, Nelson Silva; Vieira, Raphael Malinski; Granville, Lisandro",TESTE JEMS,2024-10-28,Caixa 5
ANAIS DE EVENTO,Prefácio e Organização,https://sol.sbc.org.br/index.php/secomu/article/view/31013,"Bigonha, Roberto S.; Weyl, João; Maldonado, José Carlos",PROCEEDINGS OF THE SEMINAR ON COMPUTING AT THE UNIVERSITY,2008-07-12,Caixa 5
ANAIS DE EVENTO,Introduction and Organizing Committee,https://sol.sbc.org.br/index.php/sbbd/article/view/30677,"Ogasawara, Eduardo; Pires, Carlos Eduardo",PROCEEDINGS OF THE BRAZILIAN SYMPOSIUM ON DATABASES (SBBD),2024-10-14,Caixa 5
ANAIS DE EVENTO,Front Matter,https://sol.sbc.org.br/index.php/wbots/article/view/30527,"Valle, Pedro Henrique Dias; Silva, Williamson; Marques, Johnny",ANAIS DO WORKSHOP SOBRE BOTS NA ENGENHARIA DE SOFTWARE (WBOTS),2024-09-30,Caixa 5
ANAIS DE EVENTO,Foreword and Organizing Committee,https://sol.sbc.org.br/index.php/webmedia_estendido/article/view/30516,"Moreno, Marcelo Ferreira",ANAIS ESTENDIDOS DO SIMPóSIO BRASILEIRO DE SISTEMAS MULTIMíDIA E WEB (WEBMEDIA),2024-10-14,Caixa 5
ANAIS DE EVENTO,Front Matter,https://sol.sbc.org.br/index.php/sbes/article/view/30430,"Steinmacher, Igor; Marczak, Sabrina; Colanzi, Thelma; Viana, Davi; Teixeira, Leopoldo; Vergilio, Silvia; Barcellos, Monalessa; Machado, Ivan; Marques, Johnny",PROCEEDINGS OF THE BRAZILIAN SYMPOSIUM ON SOFTWARE ENGINEERING (SBES),2024-09-30,Caixa 5
ANAIS DE EVENTO,Front Matter,https://sol.sbc.org.br/index.php/sast/article/view/30225,"Alves, Everton; Ribeiro, Márcio; Marques, Johnny",PROCEEDINGS OF THE BRAZILIAN SYMPOSIUM ON SYSTEMATIC AND AUTOMATED SOFTWARE TESTING (SAST),2024-09-30,Caixa 5
ANAIS DE EVENTO,Front Matter,https://sol.sbc.org.br/index.php/sblp/article/view/30266,"Griebler, Dalvan; Marques, Johnny",PROCEEDINGS OF THE BRAZILIAN SYMPOSIUM ON PROGRAMMING LANGUAGES (SBLP),2024-09-30,Caixa 5
ANAIS DE EVENTO,Front Matter,https://sol.sbc.org.br/index.php/sbcars/article/view/30226,"Bezerra, Carla Ilane; Lucrédio, Daniel; Marques, Johnny","PROCEEDINGS OF THE BRAZILIAN SYMPOSIUM ON SOFTWARE COMPONENTS, ARCHITECTURES, AND REUSE (SBCARS)",2024-09-30,Caixa 5
ANAIS DE EVENTO,Front Matter,https://sol.sbc.org.br/index.php/cbsoft_estendido/article/view/30250,"Vasconcelos, Alexandre Marcos Lins de; Canedo, Edna Dias; Emer, Maria Claudia Figueiredo Pereira; Albuquerque, Adriano Bessa; Marques, Johnny",COMPANION PROCEEDINGS OF THE BRAZILIAN CONFERENCE ON SOFTWARE: THEORY AND PRACTICE (CBSOFT),2024-09-30,Caixa 5
ANAIS DE EVENTO,Front Matter,https://sol.sbc.org.br/index.php/vem/article/view/30290,"Uchôa, Anderson; Rocha, Larissa; Marques, Johnny","PROCEEDINGS OF THE WORKSHOP ON SOFTWARE VISUALIZATION, EVOLUTION AND MAINTENANCE (VEM)",2024-09-30,Caixa 5
ANAIS DE EVENTO,Front Matter,https://sol.sbc.org.br/index.php/mssis/article/view/30276,"Medeiros, Adriana; Blas, Maria Júlia; Paiva, Sofia Costa; Marques, Johnny",PROCEEDINGS OF THE WORKSHOP ON MODELING AND SIMULATION OF SOFTWARE-INTENSIVE SYSTEMS (MSSIS),2024-09-30,Caixa 5
ANAIS DE EVENTO,Atualização Confiável dos Modelos de Detecção de Intrusão Baseada em Aprendizagem de Máquina,https://sol.sbc.org.br/index.php/sbseg_estendido/article/view/30112,"Horchulhack, Pedro; Santin, Altair Olivo; Viegas, Eduardo Kugler",COMPANION PROCEEDINGS OF THE BRAZILIAN SYMPOSIUM ON CYBERSECURITY (SBSEG),2024-09-16,Caixa 5
PERIÓDICOS,Arduino virtual no Tinkercad Circuits como motivação ao aprendizado prévio de Arquitetura de Computadores,https://journals-sol.sbc.org.br/index.php/ijcae/article/view/4840,"Ferreira, Bruno S. S.; Martins, Carlos A. P. S.",INTERNATIONAL JOURNAL OF COMPUTER ARCHITECTURE EDUCATION,2020-12-01,Caixa 5
PERIÓDICOS,Uma Abordagem Integrada de Hardware e Software para o Aprendizado de Subsistemas de Entrada/Saída em Projetos de Sistemas Computacionais,https://journals-sol.sbc.org.br/index.php/ijcae/article/view/4838,"Esmeraldo, Guilherme Álvaro; Lisboa, Edson Barbosa; Morato, Luiz Fernando; Mendes, Cícero Samuel; Ribeiro, Camila Valdez; Nascimento, Milena Santos do; Cartaxo, Lucas Fontes; Santos, Pedro Silva dos",INTERNATIONAL JOURNAL OF COMPUTER ARCHITECTURE EDUCATION,2020-12-01,Caixa 5
PERIÓDICOS,Português,https://journals-sol.sbc.org.br/index.php/reic/article/view/2853,"Henrique Dos Santos, Gabriel Thiago; Fondazzi Martimiano, Luciana Andreia",ELETRONIC JOURNAL OF UNDERGRADUATE RESEARCH ON COMPUTING,2023-05-29,Caixa 5
PERIÓDICOS,Português,https://journals-sol.sbc.org.br/index.php/reic/article/view/2690,"Lopes, Rafael S.; Rosário, Denis; Cerqueira, Eduardo; Oliveira, Helder",ELETRONIC JOURNAL OF UNDERGRADUATE RESEARCH ON COMPUTING,2022-07-21,Caixa 5
PERIÓDICOS,URLYZER: sistema de identificação de URLs maliciosas utilizando IA como suporte à tomada de decisão,https://journals-sol.sbc.org.br/index.php/reic/article/view/2309,"Leite, Dionisio",ELETRONIC JOURNAL OF UNDERGRADUATE RESEARCH ON COMPUTING,2022-06-14,Caixa 5
PERIÓDICOS,Português,https://journals-sol.sbc.org.br/index.php/reic/article/view/2149,"Martins Sange, Levi Matheus",ELETRONIC JOURNAL OF UNDERGRADUATE RESEARCH ON COMPUTING,2023-05-29,Caixa 5
PERIÓDICOS,Semantically Time Tracking of Events from Web Documents,https://journals-sol.sbc.org.br/index.php/reic/article/view/2085,"Santos, Welton; Rocha, Leonardo",ELETRONIC JOURNAL OF UNDERGRADUATE RESEARCH ON COMPUTING,2021-06-03,Caixa 5
PERIÓDICOS,Português,https://journals-sol.sbc.org.br/index.php/reic/article/view/1886,"de Azevedo, Pedro; Souza, Francisco Carlos; Souza, Alinne",ELETRONIC JOURNAL OF UNDERGRADUATE RESEARCH ON COMPUTING,2021-09-04,Caixa 5
PERIÓDICOS,Classificação de Alto Nível Baseada em Entropia da Rede,https://journals-sol.sbc.org.br/index.php/reic/article/view/1812,"Neto, Filipe; Zhao, Liang",ELETRONIC JOURNAL OF UNDERGRADUATE RESEARCH ON COMPUTING,2018-01-31,Caixa 5
PERIÓDICOS,Análise e Implementação de Modelos Contextuais para Desambiguação de Entidades Nomeadas em Fluxos de Mensagens,https://journals-sol.sbc.org.br/index.php/reic/article/view/1811,"Davis, Alexandre; C. M. Pereira, Adriano",ELETRONIC JOURNAL OF UNDERGRADUATE RESEARCH ON COMPUTING,2018-01-31,Caixa 5
PERIÓDICOS,Projeto e Implementação de Decodificadores de Código em Plataformas FPGA,https://journals-sol.sbc.org.br/index.php/reic/article/view/1810,"de Araújo, Felipe; Santos, Ricardo",ELETRONIC JOURNAL OF UNDERGRADUATE RESEARCH ON COMPUTING,2018-01-31,Caixa 5
PERIÓDICOS,Caracterização e Modelagem Temporal de Chamadas de Telefonia Móvel em Grandes Eventos,https://journals-sol.sbc.org.br/index.php/reic/article/view/1809,"Silveira, Lucas; Marques-Neto, Humberto",ELETRONIC JOURNAL OF UNDERGRADUATE RESEARCH ON COMPUTING,2018-01-31,Caixa 5
PERIÓDICOS,Ciclos e Caminhos Longos em Grafos Ímpares,https://journals-sol.sbc.org.br/index.php/reic/article/view/1808,"Mesquita, Felipe; Bueno, Letícia",ELETRONIC JOURNAL OF UNDERGRADUATE RESEARCH ON COMPUTING,2018-01-31,Caixa 5
PERIÓDICOS,Clustering consensual para a detecção eficiente de comunidades em redes pela modularidade ajustada,https://journals-sol.sbc.org.br/index.php/reic/article/view/1807,"Santos, Camila; Nascimento, Mariá",ELETRONIC JOURNAL OF UNDERGRADUATE RESEARCH ON COMPUTING,2018-01-31,Caixa 5
PERIÓDICOS,Improving Monte Carlo Localization with Strategic Navigation Policies and Optimal Landmark Placement,https://journals-sol.sbc.org.br/index.php/reic/article/view/1752,"dos Santos Ferreira Júnior, Henrique José; Figueiredo, Daniel",ELETRONIC JOURNAL OF UNDERGRADUATE RESEARCH ON COMPUTING,2020-11-15,Caixa 5
PERIÓDICOS,Impacto de falhas transientes em memórias SRAM em nanotecnologia,https://journals-sol.sbc.org.br/index.php/reic/article/view/1751,"Marques, Cleiton; Meinhardt, Cristina; Butzen, Paulo",ELETRONIC JOURNAL OF UNDERGRADUATE RESEARCH ON COMPUTING,2020-11-15,Caixa 5
PERIÓDICOS,Uma Avaliação de Estratégias de Detecção de Conteúdo de Baixa Qualidade: Quais Atributos Ainda São Relevantes?,https://journals-sol.sbc.org.br/index.php/reic/article/view/1750,"Resende, Júlio; Moraes, Igor; Rocha, Leonardo",ELETRONIC JOURNAL OF UNDERGRADUATE RESEARCH ON COMPUTING,2020-11-15,Caixa 5
PERIÓDICOS,Geração Automática de Receitas Culinárias para Pessoas com Restrições Alimentares,https://journals-sol.sbc.org.br/index.php/reic/article/view/1749,"Britto, Larissa; Pacifico, Luciano; Ludermir, Teresa",ELETRONIC JOURNAL OF UNDERGRADUATE RESEARCH ON COMPUTING,2020-11-15,Caixa 5
PERIÓDICOS,Uma Metodologia para Agrupamento e Extração de Informações de URLs de Phishing,https://journals-sol.sbc.org.br/index.php/reic/article/view/1748,"Santos, Welton; Fonseca, Osvaldo; Fazzion, Elverton",ELETRONIC JOURNAL OF UNDERGRADUATE RESEARCH ON COMPUTING,2020-11-15,Caixa 5
PERIÓDICOS,On the Execution Time of Programs in Stochastic Scheduling,https://journals-sol.sbc.org.br/index.php/reic/article/view/1746,"Saldanha, Matheus; Suzuki, Adriano",ELETRONIC JOURNAL OF UNDERGRADUATE RESEARCH ON COMPUTING,2020-11-15,Caixa 5
PERIÓDICOS,On the Graceful Game,https://journals-sol.sbc.org.br/index.php/reic/article/view/1745,"Ricardo, Luisa; Dantas, Simone; Luiz, Atilio",ELETRONIC JOURNAL OF UNDERGRADUATE RESEARCH ON COMPUTING,2020-11-15,Caixa 5
PERIÓDICOS,Avaliação empírica de termos técnicos em issues de projetos opensource,https://journals-sol.sbc.org.br/index.php/reic/article/view/1744,"Júnior, Joselito; Machado, Ivan",ELETRONIC JOURNAL OF UNDERGRADUATE RESEARCH ON COMPUTING,2020-11-15,Caixa 5
PERIÓDICOS,Linial’s Conjecture for Arc-spine Digraphs,https://journals-sol.sbc.org.br/index.php/reic/article/view/1090,"Rigo Yoshimura, Lucas; Sambinelli, Maycon; Nunes da Silva, Cândida; Lee, Orlando",ELETRONIC JOURNAL OF UNDERGRADUATE RESEARCH ON COMPUTING,2019-06-17,Caixa 5
PERIÓDICOS,Simulating Systems-of-Systems Dynamic Architectures,https://journals-sol.sbc.org.br/index.php/reic/article/view/1089,"Manzano, Wallace Alves Esteves; Graciano Neto, Valdemar Vicente; Nakagawa, Elisa Yumi",ELETRONIC JOURNAL OF UNDERGRADUATE RESEARCH ON COMPUTING,2019-06-17,Caixa 5
PERIÓDICOS,Um Sistema de Reconhecimento de Espécies de Moscas-das-Frutas,https://journals-sol.sbc.org.br/index.php/reic/article/view/1087,"Leonardo, Matheus Macedo; Faria, Fabio Augusto",ELETRONIC JOURNAL OF UNDERGRADUATE RESEARCH ON COMPUTING,2019-06-17,Caixa 5
PERIÓDICOS,Aplicando Nuvem de Partículas para Atenuar o Dilema entre Diversidade e Acurácia em Domínios de Recomendação,https://journals-sol.sbc.org.br/index.php/reic/article/view/1086,"Trotta, Tiago; Carvalho, Diego; Silva, Nícollas; Rocha, Leonardo",ELETRONIC JOURNAL OF UNDERGRADUATE RESEARCH ON COMPUTING,2019-06-17,Caixa 5
PERIÓDICOS,Protein Structure Prediction with Parallel Algorithms Orthogonal to Parallel Platforms,https://journals-sol.sbc.org.br/index.php/reic/article/view/1085,"Saldanha, Matheus Henrique Junqueira; de Souza, Paulo Sérgio Lopes",ELETRONIC JOURNAL OF UNDERGRADUATE RESEARCH ON COMPUTING,2019-06-17,Caixa 5
PERIÓDICOS,Robôs Evolutivos para a Investigação do Comportamento de Ratos no Teste de Campo Aberto,https://journals-sol.sbc.org.br/index.php/reic/article/view/1084,"Trento Raineri, Luciana; Silva Del Lama, Rafael; Candido, Raquel Mariana; Costa, Ariadne; Tinos, Renato",ELETRONIC JOURNAL OF UNDERGRADUATE RESEARCH ON COMPUTING,2019-06-17,Caixa 5
PERIÓDICOS,CluWords: Explorando Clusters Semânticos entre Palavras para Aprimorar Modelagem de Tópicos,https://journals-sol.sbc.org.br/index.php/reic/article/view/1083,"Gomes, Christian Reis Fagundes; Viegas, Felipe Augusto Resende; Cunha, Washington Luiz Miranda da; Rocha, Leonardo Chaves Dutra da",ELETRONIC JOURNAL OF UNDERGRADUATE RESEARCH ON COMPUTING,2019-06-17,Caixa 5
PERIÓDICOS,Transferência de Aprendizado para Redes Bayesianas com Aplicação em Predição de Falha de Discos Rígidos,https://journals-sol.sbc.org.br/index.php/reic/article/view/1065,"Pereira, Francisco Lucas F.; Lima, Fernando Dione S.; Leite, Lucas G. M.; Gomes, João Paulo P.; Machado, Javam C.",ELETRONIC JOURNAL OF UNDERGRADUATE RESEARCH ON COMPUTING,2018-06-02,Caixa 5
PERIÓDICOS,Restauração de serviços em nuvem óptica: uma abordagem tolerante à degradação de banda e ao atraso de restauração,https://journals-sol.sbc.org.br/index.php/reic/article/view/1064,"Lisboa, Felipe; Fonseca, Keiko V. O.; de Santi, Juliana",ELETRONIC JOURNAL OF UNDERGRADUATE RESEARCH ON COMPUTING,2018-06-02,Caixa 5
PERIÓDICOS,Módulo de simulação realista para redes de acesso móveis LTE/LTE-A,https://journals-sol.sbc.org.br/index.php/reic/article/view/1063,"Sekijima, Luiz R. F.; de Andrade, Tiago P. C.; da Fonseca, Nelson L. S.",ELETRONIC JOURNAL OF UNDERGRADUATE RESEARCH ON COMPUTING,2018-06-02,Caixa 5
PERIÓDICOS,G-PETo: Um Framework para Troca Direta e Transparente de Dados entre Aplicações Filtro-Fluxo em Arquiteturas Multi-GPUs,https://journals-sol.sbc.org.br/index.php/reic/article/view/1062,"Avelar, Millas; Andrade, Guilherme; Rocha, Leonardo",ELETRONIC JOURNAL OF UNDERGRADUATE RESEARCH ON COMPUTING,2018-06-02,Caixa 5
PERIÓDICOS,FAiR: Framework de Avaliação e Caracterização em Sistemas de Recomendação,https://journals-sol.sbc.org.br/index.php/reic/article/view/1061,"Carvalho, Diego; Silva, Nícollas; Rocha, Leonardo",ELETRONIC JOURNAL OF UNDERGRADUATE RESEARCH ON COMPUTING,2018-06-02,Caixa 5
PERIÓDICOS,Combinando Técnicas de Mineração de Dados para Melhorar o Processo de Detecção Automática de Arritmia Cardíaca,https://journals-sol.sbc.org.br/index.php/reic/article/view/1060,"Gomes, Christian; Rocha, Leonardo",ELETRONIC JOURNAL OF UNDERGRADUATE RESEARCH ON COMPUTING,2018-06-02,Caixa 5
PERIÓDICOS,"Relações Espaciais, Temporais e de Ordem para Detecção de Colisão Broad Phase Genérica e Escalável",https://journals-sol.sbc.org.br/index.php/reic/article/view/1059,"Serpa, Ygor Rebouças; Rodrigues, Maria Andréia Formico",ELETRONIC JOURNAL OF UNDERGRADUATE RESEARCH ON COMPUTING,2018-06-02,Caixa 5
PERIÓDICOS,FLODNet - Detecção e reconhecimento de objetos em dispositivos de baixa especificação: um estudo de caso em classificação de alimentos,https://journals-sol.sbc.org.br/index.php/reic/article/view/1058,"de Oliveira, Bernardo Augusto Godinho; Freitas, Flávia; Augusto Martins, Carlos",ELETRONIC JOURNAL OF UNDERGRADUATE RESEARCH ON COMPUTING,2018-06-02,Caixa 5
PERIÓDICOS,Domain-Dependent Heuristics and Tie-Breakers: Topics in Automated Planning,https://journals-sol.sbc.org.br/index.php/reic/article/view/1057,"Corrêa, Augusto B.; G. Pereira, André; Ritt, Marcus",ELETRONIC JOURNAL OF UNDERGRADUATE RESEARCH ON COMPUTING,2018-06-02,Caixa 5
PERIÓDICOS,Prefácio,https://journals-sol.sbc.org.br/index.php/reic/article/view/1042,"Rodrigues, Maria Andréia Formico; Menotti, David",ELECTRONIC JOURNAL OF UNDERGRADUATE RESEARCH ON COMPUTING,2014-03-18,Caixa 5
PERIÓDICOS,Simulação e Análise de Congestionamento em Redes Veiculares,https://journals-sol.sbc.org.br/index.php/reic/article/view/1027,"Brito, Mariana Ramos de; Tostes, Anna Izabel; Duarte-Figueiredo, Fatima",ELECTRONIC JOURNAL OF UNDERGRADUATE RESEARCH ON COMPUTING,2014-12-30,Caixa 5
PERIÓDICOS,Fast CUDA-based Implementations of Automatic Document Classification Algorithms,https://journals-sol.sbc.org.br/index.php/reic/article/view/1026,"Ramos, Gabriel; Andrade, Guilherme; Viegas, Felipe; Rocha, Leonardo",ELECTRONIC JOURNAL OF UNDERGRADUATE RESEARCH ON COMPUTING,2014-12-30,Caixa 5
PERIÓDICOS,Recuperação Inteligente de Letras de Músicas na Web,https://journals-sol.sbc.org.br/index.php/reic/article/view/1025,"Ribeiro, Rafael; Silla, Carlos",ELECTRONIC JOURNAL OF UNDERGRADUATE RESEARCH ON COMPUTING,2014-12-30,Caixa 5
PERIÓDICOS,"Avaliação de Desempenho, Consumo de Energia e Gerenciadores de Frequência em Sistemas Transacionais",https://journals-sol.sbc.org.br/index.php/reic/article/view/1024,"Carvalho, João Paulo; Baldassin, Alexandro",ELECTRONIC JOURNAL OF UNDERGRADUATE RESEARCH ON COMPUTING,2014-12-30,Caixa 5
PERIÓDICOS,Implementação de Difusão Atômica Baseada em Diagnóstico com Testes Imperfeitos,https://journals-sol.sbc.org.br/index.php/reic/article/view/1023,"Cassou-Pietniczka, Weyne; Camargo, Edson Tavares de; Duarte Jr, Elias",ELECTRONIC JOURNAL OF UNDERGRADUATE RESEARCH ON COMPUTING,2014-12-30,Caixa 5
PERIÓDICOS,NoSqlayer: a Framework for Migrating Relational Datasets to NoSQL Models,https://journals-sol.sbc.org.br/index.php/reic/article/view/1022,"Vale, Fernando; Rocha, Leonardo",ELECTRONIC JOURNAL OF UNDERGRADUATE RESEARCH ON COMPUTING,2014-12-30,Caixa 5
PERIÓDICOS,SACI: Sentiment Analysis by Collective Inspection on Social Media Content,https://journals-sol.sbc.org.br/index.php/reic/article/view/1021,"Chaves, Rodrigo; Sá, Giovanni; Vieira, Ramon; Mourão, Fernando; Rocha, Leonardo",ELECTRONIC JOURNAL OF UNDERGRADUATE RESEARCH ON COMPUTING,2014-12-30,Caixa 5
PERIÓDICOS,Um modelo baseado na evolução temporal de consumo e sua aplicação em domínios de recomendação,https://journals-sol.sbc.org.br/index.php/reic/article/view/1020,"Araújo, Camila; Mourão, Fernando; Meira Jr., Wagner",ELECTRONIC JOURNAL OF UNDERGRADUATE RESEARCH ON COMPUTING,2014-12-30,Caixa 5
PERIÓDICOS,Um Estudo Empírico Exploratório em Confiabilidade de Sistemas Operacionais,https://journals-sol.sbc.org.br/index.php/reic/article/view/1019,"Antunes, Marcela; Matias, Rivalino",ELECTRONIC JOURNAL OF UNDERGRADUATE RESEARCH ON COMPUTING,2014-12-30,Caixa 5
PERIÓDICOS,Aplicação de Técnicas de Inteligência Computacional para Detecção de Fraude em Comércio Eletrônico,https://journals-sol.sbc.org.br/index.php/reic/article/view/1016,"Lima, Rafael Franca; Pereira, Adriano C.M.",ELETRONIC JOURNAL OF UNDERGRADUATE RESEARCH ON COMPUTING,2013-04-02,Caixa 5
PERIÓDICOS,Planejamento Hierárquico Para Enxames Robóticos Baseado na Exploração do Espaço de Configurações,https://journals-sol.sbc.org.br/index.php/reic/article/view/1015,"Santos, Vinicius Graciano; Chaimowicz, Luiz",ELETRONIC JOURNAL OF UNDERGRADUATE RESEARCH ON COMPUTING,2013-04-02,Caixa 5
PERIÓDICOS,HASCH: Um Corretor Ortográfico Automático de Alto Desempenho para Textos Oriundos da Web,https://journals-sol.sbc.org.br/index.php/reic/article/view/1013,"Andrade, Guilherme Neri; Teixeira, Felipe; Xavier, Carolina; Rocha, Leonardo",ELETRONIC JOURNAL OF UNDERGRADUATE RESEARCH ON COMPUTING,2013-04-02,Caixa 5
PERIÓDICOS,Uma abordagem descentralizada para encurtamento de URLs,https://journals-sol.sbc.org.br/index.php/reic/article/view/1011,"Dores, Wellington; Freitas, Pedro; Benevenuto, Fabrício",ELETRONIC JOURNAL OF UNDERGRADUATE RESEARCH ON COMPUTING,2013-04-02,Caixa 5
PERIÓDICOS,Um Algoritmo Inter-Procedural para Análise de Largura de Variáveis,https://journals-sol.sbc.org.br/index.php/reic/article/view/1010,"Teixeira, Douglas do Couto; Pereira, Fernando Magno Quintão",ELETRONIC JOURNAL OF UNDERGRADUATE RESEARCH ON COMPUTING,2013-04-02,Caixa 5
PERIÓDICOS,MSBSD: um Algoritmo para Decisão Rápida na Inter-Predição em Codificadores HEVC,https://journals-sol.sbc.org.br/index.php/reic/article/view/1009,"da Silva, Mateus Grellert; Sampaio, Felipe; Agostini, Luciano; Mattos, Julio",ELETRONIC JOURNAL OF UNDERGRADUATE RESEARCH ON COMPUTING,2013-04-02,Caixa 5
PERIÓDICOS,ColorAnt-RT: Algoritmo de Coloração de Grafo que utiliza Colônia de Formigas aplicado a Alocação de Registradores,https://journals-sol.sbc.org.br/index.php/reic/article/view/1008,"Lintzmayer, Carla Negri; Mulati, Mauro Henrique; da Silva, Anderson Faustino",ELETRONIC JOURNAL OF UNDERGRADUATE RESEARCH ON COMPUTING,2013-04-02,Caixa 5
PERIÓDICOS,Explorando a Dissimilaridade em Sistemas Colaborativos de Recomendação,https://journals-sol.sbc.org.br/index.php/reic/article/view/865,"Miranda, Lucas; Mourão, Fernando; Meira, Wagner",ELETRONIC JOURNAL OF UNDERGRADUATE RESEARCH ON COMPUTING,2013-04-02,Caixa 5
PERIÓDICOS,Combinando análise fractal e mineração de séries temporais para identificação de extremos climáticos regionais,https://journals-sol.sbc.org.br/index.php/reic/article/view/864,"Nunes, Santiago Augusto; Romani, Luciana A. S.; Avila, Ana M. H.; de Sousa, Elaine P. M.; Traina, Agma J. M.",ELETRONIC JOURNAL OF UNDERGRADUATE RESEARCH ON COMPUTING,2013-04-02,Caixa 5
PERIÓDICOS,Detecção de Spammers na Rede de Origem,https://journals-sol.sbc.org.br/index.php/reic/article/view/863,"Las Casas, Pedro Henrique Bragioni; Marques-Neto, Humberto Torres",ELETRONIC JOURNAL OF UNDERGRADUATE RESEARCH ON COMPUTING,2013-04-02,Caixa 5
PERIÓDICOS,Uso de Regressão Logística para Modelar e Avaliar a Credibilidade em Aplicações Web,https://journals-sol.sbc.org.br/index.php/reic/article/view/862,"Lima, Rafael Franca; Pereira, Adriano Machado",ELETRONIC JOURNAL OF UNDERGRADUATE RESEARCH ON COMPUTING,2013-04-02,Caixa 5
PERIÓDICOS,Detecção de Spams Utilizando Conteúdo Web Associado a Mensagens,https://journals-sol.sbc.org.br/index.php/reic/article/view/861,"Meira Junior, Wagner; Guedes, Dorgival; Veloso, Adriano",ELETRONIC JOURNAL OF UNDERGRADUATE RESEARCH ON COMPUTING,2013-04-02,Caixa 5
PERIÓDICOS,Um Mecanismo de Consulta Temporal por Palavras-Chave em Páginas Web,https://journals-sol.sbc.org.br/index.php/reic/article/view/859,"Frozi, Aline; Manica, Edimar; Galante, Renata; Dorneles, Carina F.",ELETRONIC JOURNAL OF UNDERGRADUATE RESEARCH ON COMPUTING,2013-04-02,Caixa 5
PERIÓDICOS,Avaliação da Relevância dos Warnings Reportados por Ferramentas para Detecção de Defeitos baseadas em Análise Estática,https://journals-sol.sbc.org.br/index.php/reic/article/view/858,"Montandon de Araujo Filho, João Eduardo; Valente, Marco Túlio",ELETRONIC JOURNAL OF UNDERGRADUATE RESEARCH ON COMPUTING,2013-04-02,Caixa 5
PERIÓDICOS,Um Método Baseado na Teoria da Resposta ao Item para Avaliação e Feedback Automático no Contexto de Educação Digital,https://journals-sol.sbc.org.br/index.php/rbie/article/view/2969,"Monteiro, Edwin Juan Lopes Barboza; Leitão, Gabriel de Souza; Barreto, Raimundo da Silva",REVISTA BRASILEIRA DE INFORMáTICA NA EDUCAçãO,2021-07-30,Caixa 5
PERIÓDICOS,Sistema para roteamento de veículos capacitados aplicando Métodos de Monte Carlo,https://journals-sol.sbc.org.br/index.php/isys/article/view/290,"de Carvalho Oliveira, Rômulo Augusto; Delgado, Karina Valdivia; Moreira, Daniel Augusto",ISYS - BRAZILIAN JOURNAL OF INFORMATION SYSTEMS,2015-12-10,Caixa 5
PERIÓDICOS,InfoSecRM: Uma Abordagem Ontológica para a Gestão de Riscos de Segurança da Informação,https://journals-sol.sbc.org.br/index.php/isys/article/view/221,"Gualberto, Éder Souza; de Sousa Jr, Rafael T.; de Deus, Flávio Elias G.; Duque, Cláudio G.",ISYS - BRAZILIAN JOURNAL OF INFORMATION SYSTEMS,2013-12-20,Caixa 5
PERIÓDICOS,Gerência de Projetos e Processos de Desenvolvimento de Software: uma proposta de integração,https://journals-sol.sbc.org.br/index.php/isys/article/view/119,"Rosito, Maurício; Callegari, Daniel; Bastos, Ricardo",ISYS - BRAZILIAN JOURNAL OF INFORMATION SYSTEMS,2008-11-24,Caixa 5
ANAIS DE EVENTO,Prefácio e Organização,https://sol.sbc.org.br/index.php/sbceb/article/view/28643,"Foss, Luciana; Ribeiro, Leila",PROCEEDINGS OF THE BRAZILIAN SYMPOSIUM ON COMPUTING IN BASIC EDUCATION (SBC-EB),2024-03-13,Caixa 5
ANAIS DE EVENTO,Linguagem para Aquisição de Dados Programada por Fluxo de Atividade,https://sol.sbc.org.br/index.php/connect/article/view/27963,"Santos, Vinicius Melchior Libório; Pereira, Emerson Marcos; Freitas, Carlos Alberto Oliveira de",PROCEEDINGS OF THE ICET TECHNOLOGY CONFERENCE (CONNECTECH),2024-02-20,Caixa 5
ANAIS DE EVENTO,Uma Abordagem Gamificada para a Resolução de Problemas de Melhoria do Processo de Software,https://sol.sbc.org.br/index.php/wamps/article/view/27331,"Soares, Elziane Monteiro; Oliveira, Sandro Ronaldo Bezerra",PROCEEDINGS OF THE MPS ANNUAL WORKSHOP,2023-11-07,Caixa 5
ANAIS DE EVENTO,Prefácio e Organização,https://sol.sbc.org.br/index.php/sbcars_estendido/article/view/24365,"Werner, Cláudia Maria Lima","COMPANION PROCEEDINGS OF THE BRAZILIAN SYMPOSIUM ON SOFTWARE COMPONENTS, ARCHITECTURES, AND REUSE (SBCARS)",2008-08-22,Caixa 5
ANAIS DE EVENTO,Prefácio e Organização,https://sol.sbc.org.br/index.php/educomp_estendido/article/view/29493,"Silva, Marco Aurélio Graciotto",COMPANION PROCEEDINGS OF THE BRAZILIAN SYMPOSIUM ON COMPUTING EDUCATION (EDUCOMP),2024-04-22,Caixa 5
ANAIS DE EVENTO,Foreword and Organizing Committee,https://sol.sbc.org.br/index.php/educomp_estendido/article/view/14879,"Bittencourt, Roberto Almeida; Bispo Junior, Esdras Lins; Scaico, Pasqueline Dantas; de França, Rozelma Soares",COMPANION PROCEEDINGS OF THE BRAZILIAN SYMPOSIUM ON COMPUTING EDUCATION (EDUCOMP),2021-04-26,Caixa 5
ANAIS DE EVENTO,CollabProg: Um Repositório Colaborativo Aberto para Apoiar na Adoção de Metodologias Ativas no Ensino de Programação,https://sol.sbc.org.br/index.php/educomp_estendido/article/view/19411,"Calderon, Ivanilse; Silva, Williamson; Feitosa, Eduardo",COMPANION PROCEEDINGS OF THE BRAZILIAN SYMPOSIUM ON COMPUTING EDUCATION (EDUCOMP),2022-04-24,Caixa 5
ANAIS DE EVENTO,Prefácio e Organização,https://sol.sbc.org.br/index.php/educomp_estendido/article/view/24160,"Carvalho, Windson Viana de",COMPANION PROCEEDINGS OF THE BRAZILIAN SYMPOSIUM ON COMPUTING EDUCATION (EDUCOMP),2023-04-24,Caixa 5
ANAIS DE EVENTO,Abordagem para seleção de exemplos trabalhados para engenharia de software do domínio de sistemas distribuídos,https://sol.sbc.org.br/index.php/educomp_estendido/article/view/29466,"Silva, Breno Farias da; Wiese, Igor Scaliante; Campiolo, Rodrigo; Graciotto Silva, Marco Aurélio",COMPANION PROCEEDINGS OF THE BRAZILIAN SYMPOSIUM ON COMPUTING EDUCATION (EDUCOMP),2024-04-22,Caixa 5
ANAIS DE EVENTO,Prefácio e Organização,https://sol.sbc.org.br/index.php/educomp_estendido/article/view/19391,"Duran, Rodrigo Silva; Oliveira, Ana Liz Souto; Costa, Heitor Augustus Xavier",COMPANION PROCEEDINGS OF THE BRAZILIAN SYMPOSIUM ON COMPUTING EDUCATION (EDUCOMP),2022-04-24,Caixa 5
ANAIS DE EVENTO,Prefácio,https://sol.sbc.org.br/index.php/educomp/article/view/23910,"Carvalho, Windson Viana de",PROCEEDINGS OF THE BRAZILIAN SYMPOSIUM ON COMPUTING EDUCATION (EDUCOMP),2023-04-24,Caixa 5
ANAIS DE EVENTO,Foreword and Organizing Committee,https://sol.sbc.org.br/index.php/educomp/article/view/28208,"Silva, Marco Aurélio Graciotto",PROCEEDINGS OF THE BRAZILIAN SYMPOSIUM ON COMPUTING EDUCATION (EDUCOMP),2024-04-16,Caixa 5
ANAIS DE EVENTO,Editorial,https://sol.sbc.org.br/index.php/educomp/article/view/14506,"Bittencourt, Roberto; Duran, Rodrigo; Maschio, Eleandro; Raabe, André Luís; de Carvalho, Leandro; Cambraia, Adão; Falcão, Taciana; Barbosa, Ellen Francine",PROCEEDINGS OF THE BRAZILIAN SYMPOSIUM ON COMPUTING EDUCATION (EDUCOMP),2021-04-26,Caixa 5
ANAIS DE EVENTO,CollabProg: Um Repositório Colaborativo Aberto para Apoiar na Adoção de Metodologias Ativas no Ensino de Programação,https://sol.sbc.org.br/index.php/cbie_estendido/article/view/27511,"Calderon, Ivanilse; Reis, Klissia; Silva, Saulo; Endrio, Hélio; Silva, Roseno; Viana, Miquéias; Cristhian, Symon; Silva, Williamson; Feitosa, Eduardo",COMPANION PROCEEDINGS OF THE BRAZILIAN CONGRESS ON COMPUTERS IN EDUCATION (CBIE),2023-11-06,Caixa 5
ANAIS DE EVENTO,Um Método Baseado na Teoria da Resposta ao Item para Avaliação e Feedback Automático no Contexto de Educação Digital,https://sol.sbc.org.br/index.php/cbie_estendido/article/view/22592,"Monteiro, Edwin; Barreto, Raimundo",COMPANION PROCEEDINGS OF THE BRAZILIAN CONGRESS ON COMPUTERS IN EDUCATION (CBIE),2022-11-16,Caixa 5
ANAIS DE EVENTO,Editorial,https://sol.sbc.org.br/index.php/cbie_estendido/article/view/13051,"Madeira, Charles Andryê Galvão; Maia, Dennys Leite; Nunes, Isabel Dillmann",COMPANION PROCEEDINGS OF THE BRAZILIAN CONGRESS ON COMPUTERS IN EDUCATION (CBIE),2020-11-24,Caixa 5
ANAIS DE EVENTO,Pensar e Vestir: Jogo Digital Educacional para o Desenvolvimento do Pensamento Computacional,https://sol.sbc.org.br/index.php/cbie_estendido/article/view/27488,"Geremias, Matheus Soppa; Dutra, Taynara Cerigueli; Maschio, Eleandro; Gasparini, Isabela",COMPANION PROCEEDINGS OF THE BRAZILIAN CONGRESS ON COMPUTERS IN EDUCATION (CBIE),2023-11-06,Caixa 5
ANAIS DE EVENTO,Editorial do SBIE 2022,https://sol.sbc.org.br/index.php/sbie_estendido/article/view/22388,"Silveira, Ismar Frango; Castro, Thais Helena Chaves de; Mourão, Andreza Bastos; Brandão, Anarosa Alves Franco",ANAIS ESTENDIDOS DO SIMPóSIO BRASILEIRO DE INFORMáTICA NA EDUCAçãO (SBIE),2022-11-16,Caixa 5
ANAIS DE EVENTO,Editorial do SBIE 2021,https://sol.sbc.org.br/index.php/sbie_estendido/article/view/17915,"Pernas, Ana Marilza; Rosa Júnior, Leomar Soares",ANAIS ESTENDIDOS DO SIMPóSIO BRASILEIRO DE INFORMáTICA NA EDUCAçãO (SBIE),2021-11-22,Caixa 5
ANAIS DE EVENTO,Editorial,https://sol.sbc.org.br/index.php/sbie_estendido/article/view/13018,"Pinto, Sérgio Crespo Coelho da Silva; de Andrade, Adja Ferreira",ANAIS ESTENDIDOS DO SIMPóSIO BRASILEIRO DE INFORMáTICA NA EDUCAçãO (SBIE),2020-11-24,Caixa 5
ANAIS DE EVENTO,Editorial do SBIE 2021,https://sol.sbc.org.br/index.php/sbie/article/view/18037,"Pernas, Ana Marilza; Rosa Júnior, Leomar Soares",PROCEEDINGS OF THE BRAZILIAN SYMPOSIUM ON COMPUTERS IN EDUCATION (SBIE),2021-11-22,Caixa 5
ANAIS DE EVENTO,Editorial,https://sol.sbc.org.br/index.php/sbie/article/view/12940,"Pinto, Sérgio Crespo Coelho da Silva; de Andrade, Adja Ferreira",PROCEEDINGS OF THE BRAZILIAN SYMPOSIUM ON COMPUTERS IN EDUCATION (SBIE),2020-11-24,Caixa 5
ANAIS DE EVENTO,Pensar e Vestir: Jogo Digital Educacional para o Desenvolvimento do Pensamento Computacional,https://sol.sbc.org.br/index.php/sbie/article/view/26714,"Geremias, Matheus Soppa; Dutra, Taynara Cerigueli; Maschio, Eleandro; Gasparini, Isabela",PROCEEDINGS OF THE BRAZILIAN SYMPOSIUM ON COMPUTERS IN EDUCATION (SBIE),2023-11-06,Caixa 5
ANAIS DE EVENTO,Editorial do SBIE 2022,https://sol.sbc.org.br/index.php/sbie/article/view/22390,"Silveira, Ismar Frango; Castro, Thais Helena Chaves de; Mourão, Andreza Bastos; Brandão, Anarosa Alves Franco",PROCEEDINGS OF THE BRAZILIAN SYMPOSIUM ON COMPUTERS IN EDUCATION (SBIE),2022-11-16,Caixa 5
ANAIS DE EVENTO,Editorial,https://sol.sbc.org.br/index.php/wie/article/view/12654,"Tedesco, Patricia; Gomes, Apuena",PROCEEDINGS OF THE WORKSHOP ON COMPUTING AT SCHOOL (WIE),2020-11-24,Caixa 5
ANAIS DE EVENTO,"Desenvolvendo o Pensamento Computacional em estudantes da rede pública de ensino em Luziânia-GO, com apoio do projeto Oficinas 4.0",https://sol.sbc.org.br/index.php/wie/article/view/26290,"Geraldes, Wendell Bento; Afonseca, Ulisses Rodrigues; Santos, Vinícius Pereira dos; Sousa, Thaís Silva de; Silva, Maria Aparecida Pereira da",PROCEEDINGS OF THE WORKSHOP ON COMPUTING AT SCHOOL (WIE),2023-11-06,Caixa 6
ANAIS DE EVENTO,,https://sol.sbc.org.br/index.php/errc/article/view/9214,"Stasiak, Daniel; Priesnitz Filho, Walter",PROCEEDINGS OF THE REGIONAL SCHOOL OF COMPUTER NETWORKS (ERRC),2019-09-16,Caixa 6
ANAIS DE EVENTO,,https://sol.sbc.org.br/index.php/errc/article/view/9205,"Del Rio, Larissa; Eichner, Andre; Rizzetti, Tiago Antônio",PROCEEDINGS OF THE REGIONAL SCHOOL OF COMPUTER NETWORKS (ERRC),2019-09-16,Caixa 6
ANAIS DE EVENTO,,https://sol.sbc.org.br/index.php/errc/article/view/9216,"Oliveira, Kerolayne; Miers, Charles",PROCEEDINGS OF THE REGIONAL SCHOOL OF COMPUTER NETWORKS (ERRC),2019-09-16,Caixa 6
ANAIS DE EVENTO,,https://sol.sbc.org.br/index.php/errc/article/view/9213,"Knob, Natália; Knob, Luis; da Silva, Eduardo Germano; Machado, Cristian Cleder; Lusa, Diego",PROCEEDINGS OF THE REGIONAL SCHOOL OF COMPUTER NETWORKS (ERRC),2019-09-16,Caixa 6
ANAIS DE EVENTO,,https://sol.sbc.org.br/index.php/errc/article/view/9215,"Fiorenza, Maurício; Kreutz, Diego",PROCEEDINGS OF THE REGIONAL SCHOOL OF COMPUTER NETWORKS (ERRC),2019-09-16,Caixa 6
ANAIS DE EVENTO,,https://sol.sbc.org.br/index.php/errc/article/view/9212,"Demo, Fabio; Priesnitz Filho, Walter",PROCEEDINGS OF THE REGIONAL SCHOOL OF COMPUTER NETWORKS (ERRC),2019-09-16,Caixa 6
ANAIS DE EVENTO,"Desenvolvendo o Pensamento Computacional em estudantes da rede pública de ensino em Luziânia-GO, com apoio do projeto Oficinas 4.0",https://sol.sbc.org.br/index.php/ctrle/article/view/25795,"Geraldes, Wendell Bento; Afonseca, Ulisses Rodrigues; Santos, Vinícius Pereira dos; Sousa, Thaís Silva de; Silva, Maria Aparecida Pereira da",ANAIS DO CONGRESSO SOBRE TECNOLOGIAS NA EDUCAçãO (CTRL+E),2023-08-23,Caixa 6
ANAIS DE EVENTO,Text Classification in Law Area: a Systematic Review,https://sol.sbc.org.br/index.php/kdmile/article/view/17458,"Martins, V. S.; Silva, C. D.","PROCEEDINGS OF THE SYMPOSIUM ON KNOWLEDGE DISCOVERY, MINING AND LEARNING (KDMILE)",2021-10-04,Caixa 6
ANAIS DE EVENTO,Presentation and Organizing Committee,https://sol.sbc.org.br/index.php/sbes/article/view/23830,"Staa, Arndt von",PROCEEDINGS OF THE BRAZILIAN SYMPOSIUM ON SOFTWARE ENGINEERING (SBES),2005-10-03,Caixa 6
ANAIS DE EVENTO,Aspectos para Construção de Aplicações Distribuídas,https://sol.sbc.org.br/index.php/sbes/article/view/21218,"Maffort, Cristiano Amaral; Valente, Marco Túlio de Oliveira",PROCEEDINGS OF THE BRAZILIAN SYMPOSIUM ON SOFTWARE ENGINEERING (SBES),2006-10-16,Caixa 6
ANAIS DE EVENTO,Prefácio,https://sol.sbc.org.br/index.php/sbqs_estendido/article/view/14195,"Viana, Davi",COMPANION PROCEEDINGS OF THE BRAZILIAN SOFTWARE QUALITY SYMPOSIUM (SBQS),2020-12-01,Caixa 6
ANAIS DE EVENTO,AdeQuaS: Fuzzy Tool for Software Quality Assessment,https://sol.sbc.org.br/index.php/sbqs/article/view/16216,"Oliveira, Kelly Rejane de; Belchior, Arnaldo Dias",PROCEEDINGS OF THE BRAZILIAN SOFTWARE QUALITY SYMPOSIUM (SBQS),2002-10-14,Caixa 6
ANAIS DE EVENTO,Prefácio e Organização,https://sol.sbc.org.br/index.php/sbqs/article/view/16211,"Oliveira, Káthia Marçal de",PROCEEDINGS OF THE BRAZILIAN SOFTWARE QUALITY SYMPOSIUM (SBQS),2004-05-31,Caixa 6
ANAIS DE EVENTO,Continuous Improvement of Estimation of Effort for Software Development,https://sol.sbc.org.br/index.php/sbqs/article/view/16156,"Kosloski, Ricardo Ajax Dias; Oliveira, Káthia Marçal de",PROCEEDINGS OF THE BRAZILIAN SOFTWARE QUALITY SYMPOSIUM (SBQS),2005-06-06,Caixa 6
ANAIS DE EVENTO,AdeQuaS: Fuzzy Tool for Software Quality Assessment,https://sol.sbc.org.br/index.php/sbqs/article/view/15708,"de Oliveira, Kelly Rejane; Belchior, Arnaldo Dias",PROCEEDINGS OF THE BRAZILIAN SOFTWARE QUALITY SYMPOSIUM (SBQS),2003-09-02,Caixa 6
ANAIS DE EVENTO,Prefácio e Organização,https://sol.sbc.org.br/index.php/sbqs/article/view/15092,"Conte, Tayana; Albuquerque, Adriano Bessa; Barcellos, Monalessa Perini",PROCEEDINGS OF THE BRAZILIAN SOFTWARE QUALITY SYMPOSIUM (SBQS),2019-10-28,Caixa 6
ANAIS DE EVENTO,Prefácio e Organização,https://sol.sbc.org.br/index.php/sbqs/article/view/15053,"Santos, Gleison; Thiry, Marcello; Santos, Rodrigo; Barcellos, Monalessa Perini; Machado, Ivan C.; Bezerra, Sandro",PROCEEDINGS OF THE BRAZILIAN SOFTWARE QUALITY SYMPOSIUM (SBQS),2019-10-28,Caixa 6
ANAIS DE EVENTO,Prefácio e Organização,https://sol.sbc.org.br/index.php/sbqs/article/view/15710,"Belchior, Arnaldo Dias; Weber, Kival Chaves",PROCEEDINGS OF THE BRAZILIAN SOFTWARE QUALITY SYMPOSIUM (SBQS),2003-09-02,Caixa 6
ANAIS DE EVENTO,Prefácio e Organização,https://sol.sbc.org.br/index.php/sbqs/article/view/15417,"Reis, Carla Alessandra Lima; Conte, Tayana Uchôa",PROCEEDINGS OF THE BRAZILIAN SOFTWARE QUALITY SYMPOSIUM (SBQS),2011-06-06,Caixa 6
ANAIS DE EVENTO,Prefácio e Organização,https://sol.sbc.org.br/index.php/sbqs/article/view/15341,"Reinehr, Sheila; Malucelli, Andreia",PROCEEDINGS OF THE BRAZILIAN SOFTWARE QUALITY SYMPOSIUM (SBQS),2012-07-11,Caixa 6
ANAIS DE EVENTO,,https://sol.sbc.org.br/index.php/sbqs/article/view/15632,"Falbo, Ricardo de Almeida; Rocha, Ana Regina",PROCEEDINGS OF THE BRAZILIAN SOFTWARE QUALITY SYMPOSIUM (SBQS),2006-05-29,Caixa 6
ANAIS DE EVENTO,Continuous Improvement of Estimation of Effort for Software Development,https://sol.sbc.org.br/index.php/sbqs/article/view/15628,"Kosloski, Ricardo Ajax Dias; de Oliveira, Káthia Marçal",PROCEEDINGS OF THE BRAZILIAN SOFTWARE QUALITY SYMPOSIUM (SBQS),2006-05-29,Caixa 6
ANAIS DE EVENTO,,https://sol.sbc.org.br/index.php/sbqs/article/view/15631,"Rouiller, Ana Cristina; Cenni, Ana Liddy; Salviano, Clênio Figueiredo",PROCEEDINGS OF THE BRAZILIAN SOFTWARE QUALITY SYMPOSIUM (SBQS),2007-06-01,Caixa 6
ANAIS DE EVENTO,Prefácio e Organização,https://sol.sbc.org.br/index.php/sbqs/article/view/15454,"Pietrobon, Carlos Alberto Marques; Magalhães, Anna Liddy Cenni de Castro",PROCEEDINGS OF THE BRAZILIAN SOFTWARE QUALITY SYMPOSIUM (SBQS),2010-06-07,Caixa 6
ANAIS DE EVENTO,Prefácio e Organização,https://sol.sbc.org.br/index.php/sbqs/article/view/15563,"Thiry, Marcello; von Wangenheim, Christiane Gresse; Rouiller, Ana Cristina",PROCEEDINGS OF THE BRAZILIAN SOFTWARE QUALITY SYMPOSIUM (SBQS),2008-06-02,Caixa 6
ANAIS DE EVENTO,Prefácio e Organização,https://sol.sbc.org.br/index.php/sbqs/article/view/15303,"Almeida, Eduardo; Carneiro, Glauco",PROCEEDINGS OF THE BRAZILIAN SOFTWARE QUALITY SYMPOSIUM (SBQS),2013-07-01,Caixa 6
ANAIS DE EVENTO,Prefácio e Organização,https://sol.sbc.org.br/index.php/sbqs/article/view/15269,"Almeida, Eduardo; Carneiro, Glauco de Figueiredo",PROCEEDINGS OF THE BRAZILIAN SOFTWARE QUALITY SYMPOSIUM (SBQS),2014-08-04,Caixa 6
ANAIS DE EVENTO,Prefácio e Organização,https://sol.sbc.org.br/index.php/sbqs/article/view/15239,"Thiry, Marcello; Barcellos, Monalessa Perini",PROCEEDINGS OF THE BRAZILIAN SOFTWARE QUALITY SYMPOSIUM (SBQS),2015-08-17,Caixa 6
ANAIS DE EVENTO,Prefácio e Organização,https://sol.sbc.org.br/index.php/sbqs/article/view/15209,"Santos, Gleison; Costa, Heitor",PROCEEDINGS OF THE BRAZILIAN SOFTWARE QUALITY SYMPOSIUM (SBQS),2016-10-24,Caixa 6
ANAIS DE EVENTO,Prefácio e Organização,https://sol.sbc.org.br/index.php/sbqs/article/view/15530,"Werner, Cláudia Maria Lima; Murta, Leonardo Gresta Paulino",PROCEEDINGS OF THE BRAZILIAN SOFTWARE QUALITY SYMPOSIUM (SBQS),2009-06-01,Caixa 6
ANAIS DE EVENTO,Prefácio e Organização,https://sol.sbc.org.br/index.php/sbqs/article/view/15121,"Malucelli, Andreia; Reinehr, Sheila",PROCEEDINGS OF THE BRAZILIAN SOFTWARE QUALITY SYMPOSIUM (SBQS),2017-08-28,Caixa 6
ANAIS DE EVENTO,Planning the Design and Execution of Student Performance Assessment in Serious Games,https://sol.sbc.org.br/index.php/sbgames_estendido/article/view/19746,"Oliveira, Rháleff Nascimento Rodrigues de; Rocha, Rafaela Vilela da",COMPANION PROCEEDINGS OF THE BRAZILIAN SYMPOSIUM ON COMPUTER GAMES AND DIGITAL ENTERTAINMENT (SBGAMES),2021-10-18,Caixa 6
ANAIS DE EVENTO,Presentation and Organizing Committee,https://sol.sbc.org.br/index.php/sbgames_estendido/article/view/23628,"Madeira, Charles Andryê Galvão; Souza, Alyson Matheus de Carvalho; Gonçalvez, Luiz Marcos Garcia",COMPANION PROCEEDINGS OF THE BRAZILIAN SYMPOSIUM ON COMPUTER GAMES AND DIGITAL ENTERTAINMENT (SBGAMES),2022-10-24,Caixa 6
ANAIS DE EVENTO,Presentation and Organizing Committee,https://sol.sbc.org.br/index.php/sbgames_estendido/article/view/27791,"Bicho, Alessandro de Lima; Estrada, Emanuel; Guerra, Rodrigo; Botelho, Silvia Silva da Costa; Drews Jr., Paulo Lilles Jorge",COMPANION PROCEEDINGS OF THE BRAZILIAN SYMPOSIUM ON COMPUTER GAMES AND DIGITAL ENTERTAINMENT (SBGAMES),2023-11-06,Caixa 6
ANAIS DE EVENTO,Prefácio e Organização,https://sol.sbc.org.br/index.php/sbcars/article/view/24129,"Rubira, Cecília Mary Fischer","PROCEEDINGS OF THE BRAZILIAN SYMPOSIUM ON SOFTWARE COMPONENTS, ARCHITECTURES, AND REUSE (SBCARS)",2007-08-29,Caixa 6
ANAIS DE EVENTO,Prefácio e Organização,https://sol.sbc.org.br/index.php/sbcars/article/view/24728,"Werner, Cláudia Maria Lima","PROCEEDINGS OF THE BRAZILIAN SYMPOSIUM ON SOFTWARE COMPONENTS, ARCHITECTURES, AND REUSE (SBCARS)",2008-08-20,Caixa 6
ANAIS DE EVENTO,Prefácio,https://sol.sbc.org.br/index.php/sbbd_estendido/article/view/18304,"Carvalho, André Luiz da Costa; Ribeiro, Leonardo Andrade; Reis, Júlio C. dos; Oliveira, Daniel de; Aguiar, Cristina Dutra de",COMPANION PROCEEDINGS OF THE BRAZILIAN SYMPOSIUM ON DATABASES (SBBD),2021-10-04,Caixa 6
ANAIS DE EVENTO,Prefácio,https://sol.sbc.org.br/index.php/sbbd/article/view/13654,"Porto, Fábio; Torres, Ricardo da Silva",PROCEEDINGS OF THE BRAZILIAN SYMPOSIUM ON DATABASES (SBBD),2020-09-28,Caixa 6
ANAIS DE EVENTO,Foreword and Organizing Committee,https://sol.sbc.org.br/index.php/sbac-pad/article/view/21872,"Carvalho, Osvaldo Sérgio Farhat de",PROCEEDINGS OF THE INTERNATIONAL SYMPOSIUM ON COMPUTER ARCHITECTURE AND HIGH PERFORMANCE COMPUTING (SBAC-PAD),1994-08-01,Caixa 6
ANAIS DE EVENTO,Presentation and Organizing Committee,https://sol.sbc.org.br/index.php/sbac-pad/article/view/23104,"Menascé, Daniel Alberto",PROCEEDINGS OF THE INTERNATIONAL SYMPOSIUM ON COMPUTER ARCHITECTURE AND HIGH PERFORMANCE COMPUTING (SBAC-PAD),1990-11-07,Caixa 6
ANAIS DE EVENTO,Prefácio e Organização,https://sol.sbc.org.br/index.php/sbac-pad/article/view/19808,"Correia, Márcia de Barros; Santos, José Dias dos",PROCEEDINGS OF THE INTERNATIONAL SYMPOSIUM ON COMPUTER ARCHITECTURE AND HIGH PERFORMANCE COMPUTING (SBAC-PAD),1996-08-04,Caixa 6
ANAIS DE EVENTO,Presentation and Organizing Committee,https://sol.sbc.org.br/index.php/sbac-pad/article/view/22697,"Zuffo, João Antônio",PROCEEDINGS OF THE INTERNATIONAL SYMPOSIUM ON COMPUTER ARCHITECTURE AND HIGH PERFORMANCE COMPUTING (SBAC-PAD),1992-10-26,Caixa 6
ANAIS DE EVENTO,Presentation and Organizing Committee,https://sol.sbc.org.br/index.php/sbac-pad/article/view/23553,"Navaux, Philippe",PROCEEDINGS OF THE INTERNATIONAL SYMPOSIUM ON COMPUTER ARCHITECTURE AND HIGH PERFORMANCE COMPUTING (SBAC-PAD),1987-05-13,Caixa 6
ANAIS DE EVENTO,Presentation and Organizing Committee,https://sol.sbc.org.br/index.php/sbac-pad/article/view/23552,"Bergamini, Eduardo Whitaker",PROCEEDINGS OF THE INTERNATIONAL SYMPOSIUM ON COMPUTER ARCHITECTURE AND HIGH PERFORMANCE COMPUTING (SBAC-PAD),1988-09-26,Caixa 6
ANAIS DE EVENTO,,https://sol.sbc.org.br/index.php/eres/article/view/10069,"Assunção, Wesley; Mendonça, Willian; Vergilio, Silvia",PROCEEDINGS OF THE REGIONAL SCHOOL OF SOFTWARE ENGINEERING (ERES),2018-10-22,Caixa 6
ANAIS DE EVENTO,,https://sol.sbc.org.br/index.php/eres/article/view/10060,"Satheler, Gustavo; Ribeiro, Jéssica; Moreira, Judson; Martins, Michael; Barbosa, Rodrigo; Winckler, Sabrina; Bernardino, Maicon; Rodrigues, Elder",PROCEEDINGS OF THE REGIONAL SCHOOL OF SOFTWARE ENGINEERING (ERES),2018-10-22,Caixa 6
ANAIS DE EVENTO,,https://sol.sbc.org.br/index.php/eres/article/view/10061,"Schimit, Gilliard; Bolfe, Guilherme; Basso, Fábio; Rodrigues, Elder; Bernardino, Maicon",PROCEEDINGS OF THE REGIONAL SCHOOL OF SOFTWARE ENGINEERING (ERES),2018-10-22,Caixa 6
ANAIS DE EVENTO,,https://sol.sbc.org.br/index.php/eres/article/view/10071,"de Souza, Kainã; da Silveira, Mayra; de Souza, Carlos",PROCEEDINGS OF THE REGIONAL SCHOOL OF SOFTWARE ENGINEERING (ERES),2018-10-22,Caixa 6
ANAIS DE EVENTO,,https://sol.sbc.org.br/index.php/eres/article/view/10059,"Feliciano, Patricia; Farah, Paulo",PROCEEDINGS OF THE REGIONAL SCHOOL OF SOFTWARE ENGINEERING (ERES),2018-10-22,Caixa 6
ANAIS DE EVENTO,,https://sol.sbc.org.br/index.php/eres/article/view/10063,"Lima, Yury; Medeiros, Juliana; Marchezan, Luciano; Rodrigues, Elder; Bernardino, Maicon",PROCEEDINGS OF THE REGIONAL SCHOOL OF SOFTWARE ENGINEERING (ERES),2018-10-22,Caixa 6
ANAIS DE EVENTO,,https://sol.sbc.org.br/index.php/eres/article/view/10052,"Belusso, Luana; Machado, Pedro; Ribeiro, Felipe; Schimit, Jackson",PROCEEDINGS OF THE REGIONAL SCHOOL OF SOFTWARE ENGINEERING (ERES),2018-10-22,Caixa 6
ANAIS DE EVENTO,,https://sol.sbc.org.br/index.php/eres/article/view/10056,"Favero, Ester; de Oliveira, Igor; Nuñes, Pedro; Basso, Fábio",PROCEEDINGS OF THE REGIONAL SCHOOL OF SOFTWARE ENGINEERING (ERES),2018-10-22,Caixa 6
ANAIS DE EVENTO,,https://sol.sbc.org.br/index.php/eres/article/view/10050,"Kosvoshi, Dirlene; de Bortoli, Lis",PROCEEDINGS OF THE REGIONAL SCHOOL OF SOFTWARE ENGINEERING (ERES),2018-10-22,Caixa 6
ANAIS DE EVENTO,,https://sol.sbc.org.br/index.php/eres/article/view/10053,"Schimit, Jackson; Machado, Pedro; Ribeiro, Felipe; Belusso, Luana; de Oliveira, Rafael",PROCEEDINGS OF THE REGIONAL SCHOOL OF SOFTWARE ENGINEERING (ERES),2018-10-22,Caixa 6
ANAIS DE EVENTO,,https://sol.sbc.org.br/index.php/eres/article/view/10065,"Ribeiro, Felipe; Machado, Pedro; Schimit, Jackson; Belusso, Luana; de Oliveira, Rafael",PROCEEDINGS OF THE REGIONAL SCHOOL OF SOFTWARE ENGINEERING (ERES),2018-10-22,Caixa 6
ANAIS DE EVENTO,,https://sol.sbc.org.br/index.php/eres/article/view/10070,"Savoldi, Greici; Oliveira, Rafael",PROCEEDINGS OF THE REGIONAL SCHOOL OF SOFTWARE ENGINEERING (ERES),2018-10-22,Caixa 6
ANAIS DE EVENTO,,https://sol.sbc.org.br/index.php/eres/article/view/10051,"Tozzi, Tatiana; Anderle, Daniel; Nogueira, Rodrigo",PROCEEDINGS OF THE REGIONAL SCHOOL OF SOFTWARE ENGINEERING (ERES),2018-10-22,Caixa 6
ANAIS DE EVENTO,,https://sol.sbc.org.br/index.php/eres/article/view/10058,"Lopes, Jonnathan; Gaedicke, Lukas; Bordin, Andréa",PROCEEDINGS OF THE REGIONAL SCHOOL OF SOFTWARE ENGINEERING (ERES),2018-10-22,Caixa 6
ANAIS DE EVENTO,,https://sol.sbc.org.br/index.php/eres/article/view/10062,"Kogler, Rafael; Costela, Fernando; Zanatta, Alexandre",PROCEEDINGS OF THE REGIONAL SCHOOL OF SOFTWARE ENGINEERING (ERES),2018-10-22,Caixa 6
ANAIS DE EVENTO,,https://sol.sbc.org.br/index.php/eres/article/view/10064,"Outa, Camila; Santander, Victor",PROCEEDINGS OF THE REGIONAL SCHOOL OF SOFTWARE ENGINEERING (ERES),2018-10-22,Caixa 6
ANAIS DE EVENTO,,https://sol.sbc.org.br/index.php/eres/article/view/10066,"Pavan, Diogo; de Souza, Érica; Oliveira, Rafael",PROCEEDINGS OF THE REGIONAL SCHOOL OF SOFTWARE ENGINEERING (ERES),2018-10-22,Caixa 6
ANAIS DE EVENTO,,https://sol.sbc.org.br/index.php/eres/article/view/10068,"de Matos, Altieres; Roder, Larissa; Nicolodi, Luciane; Ré, Reginaldo; Silva, Marco Aurélio",PROCEEDINGS OF THE REGIONAL SCHOOL OF SOFTWARE ENGINEERING (ERES),2018-10-22,Caixa 6
ANAIS DE EVENTO,Adoção de tecnologia computacional para o tratamento do Transtorno do Déficit de Atenção com Hiperatividade (TDAH),https://sol.sbc.org.br/index.php/sbsc_estendido/article/view/28137,"Alves, Renato Montaleão Brum; da Silva, Mônica Ferreira",COMPANION PROCEEDINGS OF THE BRAZILIAN SYMPOSIUM ON COLLABORATIVE SYSTEMS (SBSC),2024-04-29,Caixa 6
ANAIS DE EVENTO,Diretrizes para o Design de Visualizações da Informação: Uma Extensão da Linguagem Simples para Gráficos mais Compreensíveis,https://sol.sbc.org.br/index.php/sbsc_estendido/article/view/28139,"Oliveira, Rodrigo; Cappelli, Claudia; Oliveira, Jonice",COMPANION PROCEEDINGS OF THE BRAZILIAN SYMPOSIUM ON COLLABORATIVE SYSTEMS (SBSC),2024-04-29,Caixa 6
ANAIS DE EVENTO,,https://sol.sbc.org.br/index.php/svr_estendido/article/view/8469,"Stedile, Carlos Gabriel Silva; Fleury, Gabriel Santana; Ribeiro, Marcos Wagner de Souza",ANAIS ESTENDIDOS DO SIMPóSIO DE REALIDADE VIRTUAL E AUMENTADA (SVR),2019-10-16,Caixa 7
ANAIS DE EVENTO,,https://sol.sbc.org.br/index.php/svr_estendido/article/view/8470,"Garcia, Henrique Domingues; Farias, Mylène C. Q.; Carvalho, Marcelo M.",ANAIS ESTENDIDOS DO SIMPóSIO DE REALIDADE VIRTUAL E AUMENTADA (SVR),2019-10-16,Caixa 7
ANAIS DE EVENTO,Ambiente virtual para tratamento de ansiedade oriunda de traumas usando Dessensibilização e Reprocessamento por Movimentos Oculares,https://sol.sbc.org.br/index.php/svr_estendido/article/view/17653,"Cons, Bruna; da Costa, Rosa Maria E. Moreira",ANAIS ESTENDIDOS DO SIMPóSIO DE REALIDADE VIRTUAL E AUMENTADA (SVR),2021-10-18,Caixa 7
ANAIS DE EVENTO,,https://sol.sbc.org.br/index.php/svr_estendido/article/view/8460,"Araújo, Juliana de Fátima Ovídio; Brandão, Alexandre Fonseca; Dias, Diego Roberto Colombo",ANAIS ESTENDIDOS DO SIMPóSIO DE REALIDADE VIRTUAL E AUMENTADA (SVR),2019-10-16,Caixa 7
ANAIS DE EVENTO,,https://sol.sbc.org.br/index.php/svr_estendido/article/view/8468,"Costa, Afonso; Lima, Rachel; Tamayo, Sergio",ANAIS ESTENDIDOS DO SIMPóSIO DE REALIDADE VIRTUAL E AUMENTADA (SVR),2019-10-16,Caixa 7
ANAIS DE EVENTO,,https://sol.sbc.org.br/index.php/svr_estendido/article/view/8472,"Gil, Adriano; Costa, Afonso; Figueira, Juliana",ANAIS ESTENDIDOS DO SIMPóSIO DE REALIDADE VIRTUAL E AUMENTADA (SVR),2019-10-16,Caixa 7
ANAIS DE EVENTO,,https://sol.sbc.org.br/index.php/svr_estendido/article/view/8455,"de Souza e Almeida, Raphael; Villarmosa, Alexandre de Menezes; Raposo, Alberto Barbosa",ANAIS ESTENDIDOS DO SIMPóSIO DE REALIDADE VIRTUAL E AUMENTADA (SVR),2019-10-16,Caixa 7
ANAIS DE EVENTO,,https://sol.sbc.org.br/index.php/svr_estendido/article/view/8456,"Silva, Leonardo S.; Nakamura, Ricardo; Nunes, Fatima L. S.",ANAIS ESTENDIDOS DO SIMPóSIO DE REALIDADE VIRTUAL E AUMENTADA (SVR),2019-10-16,Caixa 7
ANAIS DE EVENTO,,https://sol.sbc.org.br/index.php/svr_estendido/article/view/8461,"Bastos, Ian Nantes Linares; Marques, Pedro Ivo de Araujo; Werneck, Vera Maria B.; da Costa, Rosa Maria E. Moreira",ANAIS ESTENDIDOS DO SIMPóSIO DE REALIDADE VIRTUAL E AUMENTADA (SVR),2019-10-16,Caixa 7
ANAIS DE EVENTO,,https://sol.sbc.org.br/index.php/svr_estendido/article/view/8459,"Fracaro, Franklin Luiz do Nascimento; Peres, Fabiana Frata Furlan; Mauricio, Claudio Roberto Marquetto",ANAIS ESTENDIDOS DO SIMPóSIO DE REALIDADE VIRTUAL E AUMENTADA (SVR),2019-10-16,Caixa 7
ANAIS DE EVENTO,,https://sol.sbc.org.br/index.php/svr_estendido/article/view/8458,"Tannús, Júlia; Favareto, Isabela; Lamounier Júnior, Edgard Afonso; Cardoso, Alexandre",ANAIS ESTENDIDOS DO SIMPóSIO DE REALIDADE VIRTUAL E AUMENTADA (SVR),2019-10-16,Caixa 7
ANAIS DE EVENTO,,https://sol.sbc.org.br/index.php/svr_estendido/article/view/8454,"de Carvalho, Thiago Viana; Machado, Liliane dos Santos",ANAIS ESTENDIDOS DO SIMPóSIO DE REALIDADE VIRTUAL E AUMENTADA (SVR),2019-10-16,Caixa 7
ANAIS DE EVENTO,Prefácio e Organização,https://sol.sbc.org.br/index.php/sibgrapi_estendido/article/view/8338,"Pesco, Sinésio; Bordignon, Alex Laier; Lopes, Hélio Côrtes Vieira","COMPANION PROCEEDINGS OF THE CONFERENCE ON GRAPHICS, PATTERNS AND IMAGES (SIBGRAPI)",2019-10-28,Caixa 7
ANAIS DE EVENTO,Using Interviews to Evaluate Location-Based Games: Lessons and Challenges,https://sol.sbc.org.br/index.php/wiplay/article/view/7840,"Carneiro, Nayana; Darin, Ticianne; Viana, Windson",PROCEEDINGS OF THE WORKSHOP ON INTERACTION AND USER RESEARCH IN GAME DEVELOPMENT (WIPLAY),2019-09-30,Caixa 7
ANAIS DE EVENTO,,https://sol.sbc.org.br/index.php/wslice/article/view/7722," Marques, Gustavo  Silveira;  Guardieiro Pereira Rezende, Aryadne  ;  Cunha, Ian  Resende;  Fialho, Raquel  ;  Pasquini, Rafael  ","PROCEEDINGS OF THE WORKSHOP ON SLICING THEORY, TECHNOLOGIES, AND APPLICATIONS OF SLICING FOR SOFTWARIZED INFRASTRUCTURES (WSLICE)",2019-09-25,Caixa 7
ANAIS DE EVENTO,Prefácio e Organização,https://sol.sbc.org.br/index.php/cbsoft_estendido/article/view/22313,"Maia, Marcelo; Dorça, Fabiano; Araújo, Rafael",COMPANION PROCEEDINGS OF THE BRAZILIAN CONFERENCE ON SOFTWARE: THEORY AND PRACTICE (CBSOFT),2022-10-03,Caixa 7
ANAIS DE EVENTO,Prefácio e Organização,https://sol.sbc.org.br/index.php/cbsoft_estendido/article/view/7650,"Fonseca, Baldoino; Cafeo, Bruno; Mendonça, Manoel; Wiese, Igor; Pinto, Gustavo",COMPANION PROCEEDINGS OF THE BRAZILIAN CONFERENCE ON SOFTWARE: THEORY AND PRACTICE (CBSOFT),2019-09-19,Caixa 7
ANAIS DE EVENTO,Front Matter,https://sol.sbc.org.br/index.php/cbsoft_estendido/article/view/14601,"Cavalcante, Everton; Dantas, Francisco; Batista, Thais",COMPANION PROCEEDINGS OF THE BRAZILIAN CONFERENCE ON SOFTWARE: THEORY AND PRACTICE (CBSOFT),2020-10-19,Caixa 7
ANAIS DE EVENTO,Back Matter,https://sol.sbc.org.br/index.php/cbsoft_estendido/article/view/14633,"Cavalcante, Everton; Dantas, Francisco; Batista, Thais",COMPANION PROCEEDINGS OF THE BRAZILIAN CONFERENCE ON SOFTWARE: THEORY AND PRACTICE (CBSOFT),2020-10-19,Caixa 7
ANAIS DE EVENTO,Prefácio e Organização,https://sol.sbc.org.br/index.php/cbsoft_estendido/article/view/17301,"Collere, Vanessa; Bousfield, Paulo; Roggia, Karina; Vasconcelos, Cristiano",COMPANION PROCEEDINGS OF THE BRAZILIAN CONFERENCE ON SOFTWARE: THEORY AND PRACTICE (CBSOFT),2021-09-27,Caixa 7
ANAIS DE EVENTO,Back Matter,https://sol.sbc.org.br/index.php/vem/article/view/14531,"Durelli, Rafael; Rocha, Lincoln","PROCEEDINGS OF THE WORKSHOP ON SOFTWARE VISUALIZATION, EVOLUTION AND MAINTENANCE (VEM)",2020-10-19,Caixa 7
ANAIS DE EVENTO,Front Matter,https://sol.sbc.org.br/index.php/vem/article/view/14530,"Durelli, Rafael; Rocha, Lincoln","PROCEEDINGS OF THE WORKSHOP ON SOFTWARE VISUALIZATION, EVOLUTION AND MAINTENANCE (VEM)",2020-10-19,Caixa 7
ANAIS DE EVENTO,,https://sol.sbc.org.br/index.php/vem/article/view/7589,"de Rezende Martins, Marcelo; Gerosa, Marco Aurélio","PROCEEDINGS OF THE WORKSHOP ON SOFTWARE VISUALIZATION, EVOLUTION AND MAINTENANCE (VEM)",2019-09-25,Caixa 7
ANAIS DE EVENTO,,https://sol.sbc.org.br/index.php/vem/article/view/7581,"L. Cândido, Adriano; A. M. Trinta, Fernando; A. L. Rego, Paulo; S Rocha, Lincoln; C. Mendonça, Nabor; C. Garcia, Vinicius","PROCEEDINGS OF THE WORKSHOP ON SOFTWARE VISUALIZATION, EVOLUTION AND MAINTENANCE (VEM)",2019-09-25,Caixa 7
ANAIS DE EVENTO,,https://sol.sbc.org.br/index.php/vem/article/view/7587,"Soyer Cunha, Warteruzannan; Vieira de Camargo, Valter","PROCEEDINGS OF THE WORKSHOP ON SOFTWARE VISUALIZATION, EVOLUTION AND MAINTENANCE (VEM)",2019-09-25,Caixa 7
ANAIS DE EVENTO,,https://sol.sbc.org.br/index.php/vem/article/view/7582,"de S. Gomes, Felipe Gustavo; Souto Mendes, Thiago; O. Spínola, Rodrigo; Mendonça, Manoel; Farias, Mário","PROCEEDINGS OF THE WORKSHOP ON SOFTWARE VISUALIZATION, EVOLUTION AND MAINTENANCE (VEM)",2019-09-25,Caixa 7
ANAIS DE EVENTO,,https://sol.sbc.org.br/index.php/vem/article/view/7588,"Netto, Dorgival; de Holanda, Ana; Neves, Flavio; Rocha, Cloves; Bastos, Helena","PROCEEDINGS OF THE WORKSHOP ON SOFTWARE VISUALIZATION, EVOLUTION AND MAINTENANCE (VEM)",2019-09-25,Caixa 7
ANAIS DE EVENTO,Prefácio,https://sol.sbc.org.br/index.php/vem/article/view/7578,"Castor, Fernando; Scaliante Wiese, Igor","PROCEEDINGS OF THE WORKSHOP ON SOFTWARE VISUALIZATION, EVOLUTION AND MAINTENANCE (VEM)",2019-09-25,Caixa 7
ANAIS DE EVENTO,,https://sol.sbc.org.br/index.php/vem/article/view/7585,"Mendonça de Moraes, Guilherme; Costa Oliveira, Edgard","PROCEEDINGS OF THE WORKSHOP ON SOFTWARE VISUALIZATION, EVOLUTION AND MAINTENANCE (VEM)",2019-09-25,Caixa 7
ANAIS DE EVENTO,,https://sol.sbc.org.br/index.php/vem/article/view/7579,"Boechat, Gláucya; Mota Jr, Joselito; Machado, Ivan; Mendonça, Manoel","PROCEEDINGS OF THE WORKSHOP ON SOFTWARE VISUALIZATION, EVOLUTION AND MAINTENANCE (VEM)",2019-09-25,Caixa 7
ANAIS DE EVENTO,,https://sol.sbc.org.br/index.php/mssis/article/view/7557,"José Porfírio, Emerson; Junio Cunha e Sousa, Fernando; Crisostomo Velasco, Gislainy; Teixeira de Carvalho, Sérgio",PROCEEDINGS OF THE WORKSHOP ON MODELING AND SIMULATION OF SOFTWARE-INTENSIVE SYSTEMS (MSSIS),2019-09-13,Caixa 7
ANAIS DE EVENTO,Prefácio,https://sol.sbc.org.br/index.php/mssis/article/view/7554,"Vicente Graciano Neto, Valdemar; Yumi Nakagawa, Elisa; Zeigler, Bernard",PROCEEDINGS OF THE WORKSHOP ON MODELING AND SIMULATION OF SOFTWARE-INTENSIVE SYSTEMS (MSSIS),2019-09-13,Caixa 7
ANAIS DE EVENTO,,https://sol.sbc.org.br/index.php/mssis/article/view/7561,"Soares, Vinícius; Coutinho, Daniel; Cruz, Carla; Coelho, Alline; Werneck, Vera; Schots, Marcelo",PROCEEDINGS OF THE WORKSHOP ON MODELING AND SIMULATION OF SOFTWARE-INTENSIVE SYSTEMS (MSSIS),2019-09-13,Caixa 7
ANAIS DE EVENTO,,https://sol.sbc.org.br/index.php/mssis/article/view/7562,"Martins, Lucas; Basso, Fábio Paulo; Rodrigues, Elder; Bernardino, Maicon",PROCEEDINGS OF THE WORKSHOP ON MODELING AND SIMULATION OF SOFTWARE-INTENSIVE SYSTEMS (MSSIS),2019-09-13,Caixa 7
ANAIS DE EVENTO,,https://sol.sbc.org.br/index.php/mssis/article/view/7555,"Teixeira Bruno, Jorge; Bulcão-Neto, Renato",PROCEEDINGS OF THE WORKSHOP ON MODELING AND SIMULATION OF SOFTWARE-INTENSIVE SYSTEMS (MSSIS),2019-09-13,Caixa 7
ANAIS DE EVENTO,,https://sol.sbc.org.br/index.php/mssis/article/view/7560,"Ferreira Coutinho, Emanuel; Ilane Moreira Bezerra, Carla",PROCEEDINGS OF THE WORKSHOP ON MODELING AND SIMULATION OF SOFTWARE-INTENSIVE SYSTEMS (MSSIS),2019-09-13,Caixa 7
ANAIS DE EVENTO,,https://sol.sbc.org.br/index.php/mssis/article/view/7556,"Alves Vieira, Marcos; Teixeira de Carvalho, Sérgio",PROCEEDINGS OF THE WORKSHOP ON MODELING AND SIMULATION OF SOFTWARE-INTENSIVE SYSTEMS (MSSIS),2019-09-13,Caixa 7
ANAIS DE EVENTO,,https://sol.sbc.org.br/index.php/bware/article/view/7503,"Marques, Johnny; Yelisetty, Sarasuaty",PROCEEDINGS OF THE BRAZILIAN WORKSHOP ON LARGE-SCALE CRITICAL SYSTEMS (BWARE),2019-09-13,Caixa 7
ANAIS DE EVENTO,,https://sol.sbc.org.br/index.php/bware/article/view/7505,"J. Inocêncio, Thiago; R. Gonzales, Gustavo; E. A. Horita, Flávio",PROCEEDINGS OF THE BRAZILIAN WORKSHOP ON LARGE-SCALE CRITICAL SYSTEMS (BWARE),2019-09-13,Caixa 7
ANAIS DE EVENTO,Prefácio,https://sol.sbc.org.br/index.php/bware/article/view/7502,"Diirr, Bruna; Horita, Flávio; de Oliveira Neves, Vânia",PROCEEDINGS OF THE BRAZILIAN WORKSHOP ON LARGE-SCALE CRITICAL SYSTEMS (BWARE),2019-09-13,Caixa 7
ANAIS DE EVENTO,,https://sol.sbc.org.br/index.php/erigo/article/view/7148,"Silva, Vagner L. C.; Vieira, Flávio H. T.",PROCEEDINGS OF THE REGIONAL SCHOOL ON INFORMATICS OF GOIáS (ERI-GO),2018-08-08,Caixa 7
ANAIS DE EVENTO,Prefácio,https://sol.sbc.org.br/index.php/erigo/article/view/13881,"Berretta, Luciana de Oliveira; de Carvalho, Sérgio Teixeira",PROCEEDINGS OF THE REGIONAL SCHOOL ON INFORMATICS OF GOIáS (ERI-GO),2020-11-11,Caixa 7
ANAIS DE EVENTO,Parkinson sEMG signal prediction and generation with Neural Networks,https://sol.sbc.org.br/index.php/sbcas_estendido/article/view/16102,"Zanini, Rafael Anicet; Colombini, Esther Luna",COMPANION PROCEEDINGS OF THE BRAZILIAN SYMPOSIUM ON COMPUTING APPLIED TO HEALTHCARE (SBCAS),2021-06-15,Caixa 7
ANAIS DE EVENTO,MobAngelo: Assistência Emergencial em Ambientes urbanos,https://sol.sbc.org.br/index.php/sbcas_estendido/article/view/20502,"Cunha, Lucas Braz; Hara, Carmem Satie; Santos, Aldri",COMPANION PROCEEDINGS OF THE BRAZILIAN SYMPOSIUM ON COMPUTING APPLIED TO HEALTHCARE (SBCAS),2022-06-07,Caixa 7
ANAIS DE EVENTO,LATOR: Protocolo de Roteamento Ciente de Qualidade com Prevenção de Aquecimento para Redes Corporais sem Fio,https://sol.sbc.org.br/index.php/sbcas_estendido/article/view/16101,"Caballero, Egberto; Albuquerque, Célio; Muchaluat-Saade, Débora C.",COMPANION PROCEEDINGS OF THE BRAZILIAN SYMPOSIUM ON COMPUTING APPLIED TO HEALTHCARE (SBCAS),2021-06-15,Caixa 7
ANAIS DE EVENTO,Aprendizado de máquina para o diagnóstico da hipersensibilidade dentinária utilizando espectroscopia no infravermelho por transformada de Fourier,https://sol.sbc.org.br/index.php/sbcas_estendido/article/view/28695,"Souza, Paulo Diego S.; Silva, Robinson S.; Carneiro, Murillo G.",COMPANION PROCEEDINGS OF THE BRAZILIAN SYMPOSIUM ON COMPUTING APPLIED TO HEALTHCARE (SBCAS),2024-06-25,Caixa 7
ANAIS DE EVENTO,Ambiente virtual para tratamento de ansiedade oriunda de traumas usando Dessensibilização e Reprocessamento por Movimentos Oculares,https://sol.sbc.org.br/index.php/sbcas_estendido/article/view/20499,"Cons, Bruna; Costa, Rosa Maria E. M. da",COMPANION PROCEEDINGS OF THE BRAZILIAN SYMPOSIUM ON COMPUTING APPLIED TO HEALTHCARE (SBCAS),2022-06-07,Caixa 7
ANAIS DE EVENTO,Segmentação de Núcleos em Imagens Histológicas Renais,https://sol.sbc.org.br/index.php/sbcas_estendido/article/view/11571,"Batista, Rodrigo E. C.; Veras, Rodrigo M. S.",COMPANION PROCEEDINGS OF THE BRAZILIAN SYMPOSIUM ON COMPUTING APPLIED TO HEALTHCARE (SBCAS),2020-09-15,Caixa 7
ANAIS DE EVENTO,Detecção e Segmentação Automática de Estruturas em Imagens de Exames Oftalmológicos,https://sol.sbc.org.br/index.php/sbcas_estendido/article/view/11568,"Sampaio, Filipe A.; Veras, Rodrigo M. S.",COMPANION PROCEEDINGS OF THE BRAZILIAN SYMPOSIUM ON COMPUTING APPLIED TO HEALTHCARE (SBCAS),2020-09-15,Caixa 7
ANAIS DE EVENTO,PSECO-IM: An Approach for Incident Management to Support Governance in Proprietary Software Ecosystems,https://sol.sbc.org.br/index.php/sbsi_estendido/article/view/21582,"Costa, Luiz Alexandre; Fontão, Awdren; Santos, Rodrigo",COMPANION PROCEEDINGS OF THE BRAZILIAN SYMPOSIUM ON INFORMATION SYSTEMS (SBSI),2022-05-16,Caixa 7
ANAIS DE EVENTO,CRM Systems Quality Evaluation,https://sol.sbc.org.br/index.php/sbsi_estendido/article/view/15369,"Boarim, Jhonatan Bernardes; da Rocha, Ana Regina Cavalcanti",COMPANION PROCEEDINGS OF THE BRAZILIAN SYMPOSIUM ON INFORMATION SYSTEMS (SBSI),2021-06-07,Caixa 7
ANAIS DE EVENTO,Front Matter,https://sol.sbc.org.br/index.php/sbsi_estendido/article/view/24729,"Fontão, Awdren",COMPANION PROCEEDINGS OF THE BRAZILIAN SYMPOSIUM ON INFORMATION SYSTEMS (SBSI),2023-05-29,Caixa 7
ANAIS DE EVENTO,Aplicações de Mineração de Dados na Pecuária de Corte: Previsão de Indicadores de Qualidade de Carcaças,https://sol.sbc.org.br/index.php/sbsi_estendido/article/view/6198,"da Silva, Rodrigo  R. ; Maciel, Thales  V.; Lampert, Vinícius  do N.; de Souza, Denizar  S.",COMPANION PROCEEDINGS OF THE BRAZILIAN SYMPOSIUM ON INFORMATION SYSTEMS (SBSI),2018-06-04,Caixa 7
ANAIS DE EVENTO,Predição de Indicadores Zootécnicos de Carcaças Bovinas a Partir de Variáveis de Cria,https://sol.sbc.org.br/index.php/sbsi_estendido/article/view/6199,"de Souza, Denizar  S.; Maciel, Thales  V.; Lampert, Vinícius  do N.; da Silva, Rodrigo  R. ",COMPANION PROCEEDINGS OF THE BRAZILIAN SYMPOSIUM ON INFORMATION SYSTEMS (SBSI),2018-06-04,Caixa 7
ANAIS DE EVENTO,Prefácio e Organização,https://sol.sbc.org.br/index.php/sbsi_estendido/article/view/13356,"Horita, Flávio E. A.; Kamienski, Carlos A.; de Ávila e Silva, Scheila; Magdaleno, Andréa Magalhães; Viana, Davi",COMPANION PROCEEDINGS OF THE BRAZILIAN SYMPOSIUM ON INFORMATION SYSTEMS (SBSI),2020-11-03,Caixa 7
ANAIS DE EVENTO,Front Matter,https://sol.sbc.org.br/index.php/sbsi_estendido/article/view/28590,"Graciano Neto, Valdemar Vicente",COMPANION PROCEEDINGS OF THE BRAZILIAN SYMPOSIUM ON INFORMATION SYSTEMS (SBSI),2024-05-20,Caixa 7
ANAIS DE EVENTO,Adoção de tecnologia computacional para o tratamento do Transtorno do Déficit de Atenção com Hiperatividade (TDAH),https://sol.sbc.org.br/index.php/sbsi_estendido/article/view/28592,"Alves, Renato Montaleão Brum; Silva, Mônica Ferreira da",COMPANION PROCEEDINGS OF THE BRAZILIAN SYMPOSIUM ON INFORMATION SYSTEMS (SBSI),2024-05-20,Caixa 7
ANAIS DE EVENTO,Diretrizes para o Design de Visualizações da Informação: Uma Extensão da Linguagem Simples para Gráficos mais Compreensíveis,https://sol.sbc.org.br/index.php/sbsi_estendido/article/view/28597,"Oliveira, Rodrigo; Oliveira, Jonice; Cappelli, Claudia",COMPANION PROCEEDINGS OF THE BRAZILIAN SYMPOSIUM ON INFORMATION SYSTEMS (SBSI),2024-05-20,Caixa 7
ANAIS DE EVENTO,Prefácio e Organização,https://sol.sbc.org.br/index.php/sbsi_estendido/article/view/7463,"Rocha, Fábio Gomes; Vasconcelos, Igor",COMPANION PROCEEDINGS OF THE BRAZILIAN SYMPOSIUM ON INFORMATION SYSTEMS (SBSI),2019-09-03,Caixa 7
ANAIS DE EVENTO,Depression Symptoms Identification through Social Media Data: Applying Design Science Research to Develop a Classification Model,https://sol.sbc.org.br/index.php/sbsi_estendido/article/view/28591,"Lima Filho, Silas; Silva, Mônica Ferreira da; Oliveira, Jonice",COMPANION PROCEEDINGS OF THE BRAZILIAN SYMPOSIUM ON INFORMATION SYSTEMS (SBSI),2024-05-20,Caixa 7
ANAIS DE EVENTO,,https://sol.sbc.org.br/index.php/eripi/article/view/5134,"Taddeo, Leandro; Pinheiro, Carlos; Vasconcelos, Ricardo; Hansen, Catulo; Lima, Francisco; Sobrinho, Francisco; Taddeo, Roberta",PROCEEDINGS OF THE REGIONAL SCHOOL ON INFORMATICS OF PIAUí (ERI-PI),2018-08-13,Caixa 7
ANAIS DE EVENTO,,https://sol.sbc.org.br/index.php/eripi/article/view/5188,"Oliveira, Sábia ; Pontin, Laercio",PROCEEDINGS OF THE REGIONAL SCHOOL ON INFORMATICS OF PIAUí (ERI-PI),2018-10-16,Caixa 7
ANAIS DE EVENTO,Gerência de Projetos e Processos de Desenvolvimento de Software: uma proposta de integração,https://sol.sbc.org.br/index.php/sbsi/article/view/5920,"Rosito, Maurício Covolan; Callegari, Daniel Antonio; Bastos, Ricardo Melo",PROCEEDINGS OF THE BRAZILIAN SYMPOSIUM ON INFORMATION SYSTEMS (SBSI),2008-04-07,Caixa 7
ANAIS DE EVENTO,Sistema para roteamento de veículos capacitados aplicando Métodos de Monte Carlo,https://sol.sbc.org.br/index.php/sbsi/article/view/5795,"Oliveira, Rômulo; Delgado, Karina",PROCEEDINGS OF THE BRAZILIAN SYMPOSIUM ON INFORMATION SYSTEMS (SBSI),2015-05-26,Caixa 7
ANAIS DE EVENTO,InfoSecRM: Uma Abordagem Ontológica para a Gestão de Riscos de Segurança da Informação,https://sol.sbc.org.br/index.php/sbsi/article/view/14392,"Gualberto, Éder S.; de Sousa Jr, Rafael  T.; de Deus, Flávio E. G.; Duque, Cláudio  G.",PROCEEDINGS OF THE BRAZILIAN SYMPOSIUM ON INFORMATION SYSTEMS (SBSI),2012-05-16,Caixa 7
ANAIS DE EVENTO,Arduino virtual no Tinkercad Circuits como motivação ao aprendizado prévio de Arquitetura de Computadores,https://sol.sbc.org.br/index.php/sscad_estendido/article/view/14100,"Ferreira, Bruno; Martins, Carlos Augusto",COMPANION PROCEEDINGS OF THE SYMPOSIUM ON HIGH PERFORMANCE COMPUTING SYSTEMS (SSCAD),2020-10-21,Caixa 7
ANAIS DE EVENTO,Circuitly: A visual and constructive framework for teaching digital circuits,https://sol.sbc.org.br/index.php/sscad_estendido/article/view/14099,"Castro, Lucas; Azevedo, Rodolfo",COMPANION PROCEEDINGS OF THE SYMPOSIUM ON HIGH PERFORMANCE COMPUTING SYSTEMS (SSCAD),2020-10-21,Caixa 7
ANAIS DE EVENTO,Uma Abordagem Integrada de Hardware e Software para o Aprendizado de Subsistemas de Entrada/Saída em Projetos de Sistemas Computacionais,https://sol.sbc.org.br/index.php/sscad_estendido/article/view/14098,"Esmeraldo, Guilherme Álvaro; Lisboa, Edson; Mendes, Cícero Samuel; Cartaxo, Lucas; Ribeiro, Camila; Morato, Luiz; dos Santos, Pedro; do Nascimento, Milena",COMPANION PROCEEDINGS OF THE SYMPOSIUM ON HIGH PERFORMANCE COMPUTING SYSTEMS (SSCAD),2020-10-21,Caixa 7
ANAIS DE EVENTO,Semantically Time Tracking of Events from Web Documents,https://sol.sbc.org.br/index.php/webmedia/article/view/17507,"Santos, Welton; Fazzion, Elverton; Dias, Diego; Guimarães, Marcelo; Tuler, Elisa; Rocha, Leonardo",PROCEEDINGS OF THE BRAZILIAN SYMPOSIUM ON MULTIMEDIA AND THE WEB (WEBMEDIA),2021-11-05,Caixa 7
ANAIS DE EVENTO,A Contextual Data Offloading Service With Privacy Support,https://sol.sbc.org.br/index.php/webmedia/article/view/5334,"Gomes, Francisco Anderson de Almada; Viana, Windson; Rocha, Lincoln S.; Trinta, Fernando",PROCEEDINGS OF THE BRAZILIAN SYMPOSIUM ON MULTIMEDIA AND THE WEB (WEBMEDIA),2016-11-08,Caixa 7
ANAIS DE EVENTO,Analyzing A Touristic Event Popularity Using Social Networks,https://sol.sbc.org.br/index.php/webmedia/article/view/13703,"Lopes, Pedro Pongelupe; Marques-Neto, Humberto T.",PROCEEDINGS OF THE BRAZILIAN SYMPOSIUM ON MULTIMEDIA AND THE WEB (WEBMEDIA),2020-11-30,Caixa 7
ANAIS DE EVENTO,Data mining applied in fake news classification through textual patterns,https://sol.sbc.org.br/index.php/webmedia/article/view/8040,"Moraes, Marcos Paulo; Sampaio, Jonice de Oliveira; Charles, Anderson C.",PROCEEDINGS OF THE BRAZILIAN SYMPOSIUM ON MULTIMEDIA AND THE WEB (WEBMEDIA),2019-10-29,Caixa 7
ANAIS DE EVENTO,A Proposal for Supporting Sensory Effect Rendering in Ginga-NCL,https://sol.sbc.org.br/index.php/webmedia/article/view/8033,"Rodrigues, Renato O.; Josué, Marina I. P.; Abreu,  Raphael S.; Amorim,  Glauco F.; Muchaluat-Saade, Débora C.; Santos, Joel A. F. dos",PROCEEDINGS OF THE BRAZILIAN SYMPOSIUM ON MULTIMEDIA AND THE WEB (WEBMEDIA),2019-10-29,Caixa 7
ANAIS DE EVENTO,Prefácio e Organização,https://sol.sbc.org.br/index.php/eniac/article/view/18424,"Faria, Elaine Ribeiro de; Guerra, Paulo de Tarso",ANAIS DO ENCONTRO NACIONAL DE INTELIGêNCIA ARTIFICIAL E COMPUTACIONAL (ENIAC),2021-11-29,Caixa 7
ANAIS DE EVENTO,Prefácio e Organização,https://sol.sbc.org.br/index.php/eniac/article/view/4484,"Mauá, Denis Deratani; Naldi, Murilo",ANAIS DO ENCONTRO NACIONAL DE INTELIGêNCIA ARTIFICIAL E COMPUTACIONAL (ENIAC),2018-10-22,Caixa 7
ANAIS DE EVENTO,SpamBands: uma metodologia para identificação de fontes de spam agindo de forma orquestrada,https://sol.sbc.org.br/index.php/sbseg/article/view/20136,"Fazzion, Elverton; Las-Casas, Pedro Henrique B.; Fonseca, Osvaldo; Guedes, Dorgival; Meira Jr., Wagner; Hoepers, Cristine; Steding-Jessen, Klaus; Chaves, Marcelo H. P.",PROCEEDINGS OF THE BRAZILIAN SYMPOSIUM ON INFORMATION AND COMPUTATIONAL SYSTEMS SECURITY (SBSEG),2014-11-03,Caixa 7
ANAIS DE EVENTO,Uma Metodologia para Agrupamento e Extração de Informações de URLs de Phishing,https://sol.sbc.org.br/index.php/sbseg/article/view/13970,"Santos, Welton; Fazzion, Elverton; Fonseca, Osvaldo; Cunha, Ítalo; Chaves, Marcelo; Hoepers, Cristine; Steding-Jessen, Klaus; Guedes, Dorgival; Meira jr, Wagner",PROCEEDINGS OF THE BRAZILIAN SYMPOSIUM ON INFORMATION AND COMPUTATIONAL SYSTEMS SECURITY (SBSEG),2019-09-02,Caixa 7
ANAIS DE EVENTO,Prefácio e Organização,https://sol.sbc.org.br/index.php/webmedia_estendido/article/view/17624,"Pereira, Adriano César Machado",ANAIS ESTENDIDOS DO SIMPóSIO BRASILEIRO DE SISTEMAS MULTIMíDIA E WEB (WEBMEDIA),2021-10-17,Caixa 7
ANAIS DE EVENTO,A Proposal for Supporting Sensory Effect Rendering in Ginga-NCL,https://sol.sbc.org.br/index.php/webmedia_estendido/article/view/8161,"Rodrigues, Renato de Oliveira; Josué, Marina I. P.; Abreu, Raphael S.; Amorim, Glauco F.; Muchaluat-Saade, Debora C.; Santos, Joel A. F. dos",ANAIS ESTENDIDOS DO SIMPóSIO BRASILEIRO DE SISTEMAS MULTIMíDIA E WEB (WEBMEDIA),2019-10-29,Caixa 7
ANAIS DE EVENTO,A Contextual Data Offloading Service With Privacy Support,https://sol.sbc.org.br/index.php/webmedia_estendido/article/view/8133,"Gomes, Francisco; Rocha, Lincoln; Trinta, Fernando",ANAIS ESTENDIDOS DO SIMPóSIO BRASILEIRO DE SISTEMAS MULTIMíDIA E WEB (WEBMEDIA),2019-10-29,Caixa 7
ANAIS DE EVENTO,Data mining applied in fake news classification through textual patterns,https://sol.sbc.org.br/index.php/webmedia_estendido/article/view/13061,"Moraes, Marcos Paulo; Sampaio, Jonice de Oliveira; Charles, Anderson Cordeiro",ANAIS ESTENDIDOS DO SIMPóSIO BRASILEIRO DE SISTEMAS MULTIMíDIA E WEB (WEBMEDIA),2020-11-30,Caixa 7
ANAIS DE EVENTO,Foreword and Organizing Committee,https://sol.sbc.org.br/index.php/webmedia_estendido/article/view/25688,"Macedo, Alessandra Alaniz",ANAIS ESTENDIDOS DO SIMPóSIO BRASILEIRO DE SISTEMAS MULTIMíDIA E WEB (WEBMEDIA),2023-10-23,Caixa 7
ANAIS DE EVENTO,Utilizando aprendizado por representação para a classificação de laços sociais da IoT,https://sol.sbc.org.br/index.php/webmedia_estendido/article/view/21987,"J. Junior, Jamisson; Figueiredo, Thiago S.; Lopes, Ramon; Santos, Bruno P.; Torres, Luiz C. B.",ANAIS ESTENDIDOS DO SIMPóSIO BRASILEIRO DE SISTEMAS MULTIMíDIA E WEB (WEBMEDIA),2022-11-07,Caixa 7
ANAIS DE EVENTO,Prefácio e Organização,https://sol.sbc.org.br/index.php/webmedia_estendido/article/view/22006,"Silva, Thiago Henrique",ANAIS ESTENDIDOS DO SIMPóSIO BRASILEIRO DE SISTEMAS MULTIMíDIA E WEB (WEBMEDIA),2022-11-07,Caixa 7
ANAIS DE EVENTO,EvaML e EvaSIM: Proposta de Linguagem Baseada em XML e Simulador para o Robô EVA,https://sol.sbc.org.br/index.php/webmedia_estendido/article/view/25656,"da Rocha, Marcelo Marques; Muchaluat-Saade, Débora Christina",ANAIS ESTENDIDOS DO SIMPóSIO BRASILEIRO DE SISTEMAS MULTIMíDIA E WEB (WEBMEDIA),2023-10-23,Caixa 7
ANAIS DE EVENTO,Prefácio e Organização,https://sol.sbc.org.br/index.php/webmedia_estendido/article/view/8341,"dos Santos, Joel A. F.; Muchaluat-Saade, Debora C.; Willrich, Roberto",ANAIS ESTENDIDOS DO SIMPóSIO BRASILEIRO DE SISTEMAS MULTIMíDIA E WEB (WEBMEDIA),2019-10-29,Caixa 7
ANAIS DE EVENTO,Analyzing A Touristic Event Popularity Using Social Networks,https://sol.sbc.org.br/index.php/webmedia_estendido/article/view/17609,"Lopes, Pedro Pongelupe; Marques-Neto, Humberto T.",ANAIS ESTENDIDOS DO SIMPóSIO BRASILEIRO DE SISTEMAS MULTIMíDIA E WEB (WEBMEDIA),2021-11-05,Caixa 8
ANAIS DE EVENTO,Foreword and Organizing Committee,https://sol.sbc.org.br/index.php/ihc_estendido/article/view/4281,"Prates, Raquel; Candello, Heloisa",COMPANION PROCEEDINGS OF THE BRAZILIAN SYMPOSIUM ON HUMAN FACTORS IN COMPUTATIONAL SYSTEMS (IHC),2018-10-23,Caixa 8
ANAIS DE EVENTO,Prefácio e Organização,https://sol.sbc.org.br/index.php/ihc_estendido/article/view/19596,"Freire, André Pimenta; Mota, Marcelle Pereira",COMPANION PROCEEDINGS OF THE BRAZILIAN SYMPOSIUM ON HUMAN FACTORS IN COMPUTATIONAL SYSTEMS (IHC),2021-10-18,Caixa 8
ANAIS DE EVENTO,Prefácio e Organização,https://sol.sbc.org.br/index.php/ihc_estendido/article/view/8447,"Santos, Celso Alberto Saibel; Guimarães, Rodrigo Laiola; Kronbauer, Artur; de Santana, Vagner Figueredo",COMPANION PROCEEDINGS OF THE BRAZILIAN SYMPOSIUM ON HUMAN FACTORS IN COMPUTATIONAL SYSTEMS (IHC),2019-10-11,Caixa 8
ANAIS DE EVENTO,Prefácio e Organização,https://sol.sbc.org.br/index.php/ihc_estendido/article/view/14045,"Santos, Caroline Queiroz; Villela, Maria Lúcia Bento; Gasparini, Isabela; Conte, Tayana",COMPANION PROCEEDINGS OF THE BRAZILIAN SYMPOSIUM ON HUMAN FACTORS IN COMPUTATIONAL SYSTEMS (IHC),2020-10-26,Caixa 8
ANAIS DE EVENTO,Aprendizado de máquina para o diagnóstico da hipersensibilidade dentinária utilizando espectroscopia no infravermelho por transformada de Fourier,https://sol.sbc.org.br/index.php/sbcas/article/view/28838,"Souza, Paulo D. S.; Souza, Paola G.; Soares, Paulo V.; Sabino-Silva, Robinson; Carneiro, Murillo G.",PROCEEDINGS OF THE BRAZILIAN SYMPOSIUM ON COMPUTING APPLIED TO HEALTH (SBCAS),2024-06-25,Caixa 8
ANAIS DE EVENTO,Introduction and Organizing Committee,https://sol.sbc.org.br/index.php/wei/article/view/9881,"Galvão, Leandro; Leite, Jair",PROCEEDINGS OF THE WORKSHOP ON COMPUTING EDUCATION (WEI),2018-07-26,Caixa 8
ANAIS DE EVENTO,Foreword and Organizing Committee,https://sol.sbc.org.br/index.php/wei/article/view/16015,"Conte, Tayana; Hauck, Jean",PROCEEDINGS OF THE WORKSHOP ON COMPUTING EDUCATION (WEI),2021-07-20,Caixa 8
ANAIS DE EVENTO,,https://sol.sbc.org.br/index.php/ctd/article/view/10488,"dos Santos, Vinicius; Szwarcfiter, Jayme; Rautenbach, Dieter",PROCEEDINGS OF THE THESIS AND DISSERTATION CONTEST (CTD),2014-07-28,Caixa 8
ANAIS DE EVENTO,EvaML e EvaSIM: Proposta de Linguagem Baseada em XML e Simulador para o Robô EVA,https://sol.sbc.org.br/index.php/ctd/article/view/24854,"Rocha, Marcelo Marques da; Muchaluat-Saade, Débora Christina",PROCEEDINGS OF THE THESIS AND DISSERTATION CONTEST (CTD),2023-08-06,Caixa 8
ANAIS DE EVENTO,Introduction and Organizing Committee,https://sol.sbc.org.br/index.php/ctd/article/view/9859,"Nakagawa, Elisa Yumi",PROCEEDINGS OF THE THESIS AND DISSERTATION CONTEST (CTD),2018-07-26,Caixa 8
ANAIS DE EVENTO,Alocação de recursos e posicionamento de funções virtualizadas em redes de acesso por rádio desagregadas,https://sol.sbc.org.br/index.php/ctd/article/view/29274,"Almeida, Gabriel Matheus; Pinto, Leizer de Lima; Cardoso, Kleber Vieira",PROCEEDINGS OF THE THESIS AND DISSERTATION CONTEST (CTD),2024-07-21,Caixa 8
ANAIS DE EVENTO,Atualização Confiável dos Modelos de Detecção de Intrusão Baseada em Aprendizagem de Máquina,https://sol.sbc.org.br/index.php/ctd/article/view/29273,"Horchulhack, Pedro; Santin, Altair Olivo; Viegas, Eduardo Kugler",PROCEEDINGS OF THE THESIS AND DISSERTATION CONTEST (CTD),2024-07-21,Caixa 8
ANAIS DE EVENTO,Replicação Máquina de Estados Paralelas com Escalonamento Híbrido,https://sol.sbc.org.br/index.php/ctd/article/view/20783,"Burgos, Aldênio; Alchieri, Eduardo",PROCEEDINGS OF THE THESIS AND DISSERTATION CONTEST (CTD),2022-07-31,Caixa 8
ANAIS DE EVENTO,Abordagens Exata e Heurística para o Mapeamento de Redes Virtuais,https://sol.sbc.org.br/index.php/ctd/article/view/6335,"Araújo, Samuel M. A.; Mateus, Geraldo R.; de Souza, Fernanda S. H.",PROCEEDINGS OF THE THESIS AND DISSERTATION CONTEST (CTD),2019-06-26,Caixa 8
ANAIS DE EVENTO,Introduction and Organizing Committee,https://sol.sbc.org.br/index.php/wit/article/view/9871,"Bim, Sílvia Amélia; Lauschner, Tanara",PROCEEDINGS OF THE WOMEN IN INFORMATION TECHNOLOGY (WIT),2017-07-02,Caixa 8
ANAIS DE EVENTO,Introduction and Organizing Committee,https://sol.sbc.org.br/index.php/semish/article/view/9880,"Nogueira, José Marcos Silva",PROCEEDINGS OF THE INTEGRATED SOFTWARE AND HARDWARE SEMINAR (SEMISH),2018-07-26,Caixa 8
ANAIS DE EVENTO,Prefácio e Organização,https://sol.sbc.org.br/index.php/semish/article/view/16970,"Delicato, Flávia Coimbra; Batista, Thais Vasconcelos; Ramos Filho, Heitor Soares",PROCEEDINGS OF THE INTEGRATED SOFTWARE AND HARDWARE SEMINAR (SEMISH),2013-07-23,Caixa 8
ANAIS DE EVENTO,Adaptação e Avaliação de Desempenho do Algoritmo TCP Cubic no Protocolo DCCP,https://sol.sbc.org.br/index.php/wperformance/article/view/27651,"Calado, Ivo; Lira, Romeryto; Sales, Leandro; Almeida, Hyggo; Perkusich, Angelo",PROCEEDINGS OF THE WORKSHOP ON PERFORMANCE OF COMPUTER AND COMMUNICATION SYSTEMS (WPERFORMANCE),2013-07-23,Caixa 8
ANAIS DE EVENTO,Adaptação e Avaliação de Desempenho do Algoritmo TCP Cubic no Protocolo DCCP,https://sol.sbc.org.br/index.php/wperformance/article/view/27660,"Calado, Ivo; Lira, Romeryto; Sales, Leandro; Almeida, Hyggo; Perkusich, Angelo",PROCEEDINGS OF THE WORKSHOP ON PERFORMANCE OF COMPUTER AND COMMUNICATION SYSTEMS (WPERFORMANCE),2013-07-23,Caixa 8
ANAIS DE EVENTO,,https://sol.sbc.org.br/index.php/sbcup/article/view/10164,"Bissoli, Alexandre; Ferrara, Flavio; Bastos-Filho, Teodiano",PROCEEDINGS OF BRAZILIAN SYMPOSIUM ON UBIQUITOUS AND PERVASIVE COMPUTING (SBCUP),2015-07-20,Caixa 8
ANAIS DE EVENTO,,https://sol.sbc.org.br/index.php/sbcup/article/view/9441,"Gomes, Eduardo; Torres, Natália Melgaço Pereira; Mocaiber, Izabela; Artigas, Danilo; Copetti, Alessandro",PROCEEDINGS OF BRAZILIAN SYMPOSIUM ON UBIQUITOUS AND PERVASIVE COMPUTING (SBCUP),2016-07-04,Caixa 8
ANAIS DE EVENTO,,https://sol.sbc.org.br/index.php/sbcup/article/view/10176,"Luz, Kerlla; Solís, Priscilla; Garcia, Henrique; Farias, Mylène",PROCEEDINGS OF BRAZILIAN SYMPOSIUM ON UBIQUITOUS AND PERVASIVE COMPUTING (SBCUP),2015-07-20,Caixa 8
ANAIS DE EVENTO,,https://sol.sbc.org.br/index.php/sbcup/article/view/9467,"Veiga, Ernesto Fonseca; Bulcão Neto, Renato de Freitas",PROCEEDINGS OF BRAZILIAN SYMPOSIUM ON UBIQUITOUS AND PERVASIVE COMPUTING (SBCUP),2016-07-04,Caixa 8
ANAIS DE EVENTO,,https://sol.sbc.org.br/index.php/sbcup/article/view/9470,"Xavier, Lucas M. S.; Kaiser Filho, Huberto; Davet, Patrícia; Yamin, Adenauer",PROCEEDINGS OF BRAZILIAN SYMPOSIUM ON UBIQUITOUS AND PERVASIVE COMPUTING (SBCUP),2016-07-04,Caixa 8
ANAIS DE EVENTO,,https://sol.sbc.org.br/index.php/sbcup/article/view/9466,"Wunsch, Guilherme; da Costa, Cristiano André; Righi, Rodrigo da Rosa",PROCEEDINGS OF BRAZILIAN SYMPOSIUM ON UBIQUITOUS AND PERVASIVE COMPUTING (SBCUP),2016-07-04,Caixa 8
ANAIS DE EVENTO,,https://sol.sbc.org.br/index.php/sbcup/article/view/9450,"Machado, Roger; Almeida, Ricardo; da Rosa, Diórgenes; Lopes, João; Pernas, Ana; Yamin, Adenauer",PROCEEDINGS OF BRAZILIAN SYMPOSIUM ON UBIQUITOUS AND PERVASIVE COMPUTING (SBCUP),2016-07-04,Caixa 8
ANAIS DE EVENTO,,https://sol.sbc.org.br/index.php/sbcup/article/view/10165,"Ferreira, Andressa; Piva, Leonardo; Braga, Reinaldo; Andrade, Rossana",PROCEEDINGS OF BRAZILIAN SYMPOSIUM ON UBIQUITOUS AND PERVASIVE COMPUTING (SBCUP),2015-07-20,Caixa 8
ANAIS DE EVENTO,Foreword and Organizing Committee,https://sol.sbc.org.br/index.php/sbcup/article/view/16957,"Augustin, Iara; Aquino, André Luiz Lins de",PROCEEDINGS OF BRAZILIAN SYMPOSIUM ON UBIQUITOUS AND PERVASIVE COMPUTING (SBCUP),2020-06-30,Caixa 8
ANAIS DE EVENTO,Introduction and Organizing Committee,https://sol.sbc.org.br/index.php/sbcup/article/view/9866,"Mini, Raquel Aparecida de Freitas; Yamin, Adenauer Corrêa; Corrêa, Ana Grasielle Dionísio; Villas, Leandro Aparecido; Righi, Rodrigo da Rosa",PROCEEDINGS OF BRAZILIAN SYMPOSIUM ON UBIQUITOUS AND PERVASIVE COMPUTING (SBCUP),2018-08-09,Caixa 8
ANAIS DE EVENTO,Introduction and Organizing Committee,https://sol.sbc.org.br/index.php/brasnam/article/view/9885,"dos Santos, Rodrigo Pereira; Moura, Raimundo Santos",PROCEEDINGS OF THE BRAZILIAN WORKSHOP ON SOCIAL NETWORK ANALYSIS AND MINING (BRASNAM),2018-07-26,Caixa 8
ANAIS DE EVENTO,,https://sol.sbc.org.br/index.php/ctic/article/view/9149,"Aires, Victória; de Freitas, Rosiane",ANAIS DO CONCURSO DE TRABALHOS DE INICIAçãO CIENTíFICA DA SBC (CTIC-SBC),2016-07-04,Caixa 8
ANAIS DE EVENTO,ColorAnt-RT: Algoritmo de Coloração de Grafo que utiliza Colônia de Formigas aplicado a Alocação de Registradores,https://sol.sbc.org.br/index.php/ctic/article/view/28093,"Lintzmayer, Carla Negri; Mulati, Mauro Henrique; Silva, Anderson Faustino da",ANAIS DO CONCURSO DE TRABALHOS DE INICIAçãO CIENTíFICA DA SBC (CTIC-SBC),2012-07-16,Caixa 8
ANAIS DE EVENTO,Impacto de falhas transientes em memórias SRAM em nanotecnologia,https://sol.sbc.org.br/index.php/ctic/article/view/11056,"Marques, Cleiton  M.; Meinhardt, Cristina ; Butzen, Paulo  F.",ANAIS DO CONCURSO DE TRABALHOS DE INICIAçãO CIENTíFICA DA SBC (CTIC-SBC),2020-06-30,Caixa 8
ANAIS DE EVENTO,Uma Avaliação de Estratégias de Detecção de Conteúdo de Baixa Qualidade: Quais Atributos Ainda São Relevantes?,https://sol.sbc.org.br/index.php/ctic/article/view/11055,"Resende, Júlio César ; Moraes, Igor ; Rocha, Leonardo ",ANAIS DO CONCURSO DE TRABALHOS DE INICIAçãO CIENTíFICA DA SBC (CTIC-SBC),2020-06-30,Caixa 8
ANAIS DE EVENTO,Geração Automática de Receitas Culinárias para Pessoas com Restrições Alimentares,https://sol.sbc.org.br/index.php/ctic/article/view/11054,"Britto, Larissa  F. S.; Pacífico, Luciano  D. S.; Ludermir, Teresa  B.",ANAIS DO CONCURSO DE TRABALHOS DE INICIAçãO CIENTíFICA DA SBC (CTIC-SBC),2020-06-30,Caixa 8
ANAIS DE EVENTO,Planejamento Hierárquico Para Enxames Robóticos Baseado na Exploração do Espaço de Configurações,https://sol.sbc.org.br/index.php/ctic/article/view/28096,"Santos, Vinicius Graciano; Chaimowicz, Luiz",ANAIS DO CONCURSO DE TRABALHOS DE INICIAçãO CIENTíFICA DA SBC (CTIC-SBC),2012-07-16,Caixa 8
ANAIS DE EVENTO,Avaliação empírica de termos técnicos em issues de projetos opensource,https://sol.sbc.org.br/index.php/ctic/article/view/11049,"Mota Júnior, Joselito ; Machado, Ivan",ANAIS DO CONCURSO DE TRABALHOS DE INICIAçãO CIENTíFICA DA SBC (CTIC-SBC),2020-06-30,Caixa 8
ANAIS DE EVENTO,Robôs Evolutivos para a Investigação do Comportamento de Ratos no Teste de Campo Aberto,https://sol.sbc.org.br/index.php/ctic/article/view/7156,"Raineri, Luciana Trento; Del Lama, Rafael Silva; Candido, Raquel Mariana; Costa, Ariadne; Tinos, Renato",ANAIS DO CONCURSO DE TRABALHOS DE INICIAçãO CIENTíFICA DA SBC (CTIC-SBC),2019-07-01,Caixa 8
ANAIS DE EVENTO,Um modelo baseado na evolução temporal de consumo e sua aplicação em domínios de recomendação,https://sol.sbc.org.br/index.php/ctic/article/view/10511,"Araujo, Camila; Mourão, Fernando; Meira Jr., Wagner",ANAIS DO CONCURSO DE TRABALHOS DE INICIAçãO CIENTíFICA DA SBC (CTIC-SBC),2014-07-28,Caixa 8
ANAIS DE EVENTO,Introduction and Organizing Committee,https://sol.sbc.org.br/index.php/ctic/article/view/9860,"Soares Neto, Carlos de Salles",ANAIS DO CONCURSO DE TRABALHOS DE INICIAçãO CIENTíFICA DA SBC (CTIC-SBC),2017-07-02,Caixa 8
ANAIS DE EVENTO,Uso de Regressão Logística para Modelar e Avaliar a Credibilidade em Aplicações Web,https://sol.sbc.org.br/index.php/ctic/article/view/29180,"Lima, Rafael; Pereira, Adriano",ANAIS DO CONCURSO DE TRABALHOS DE INICIAçãO CIENTíFICA DA SBC (CTIC-SBC),2011-07-19,Caixa 8
ANAIS DE EVENTO,Combinando análise fractal e mineração de séries temporais para identificação de extremos climáticos regionais,https://sol.sbc.org.br/index.php/ctic/article/view/29176,"Nunes, Santiago Augusto; Romani, Luciana A. S.; Avila, Ana M. H.; Sousa, Elaine P. M. de; Traina, Agma J. M.",ANAIS DO CONCURSO DE TRABALHOS DE INICIAçãO CIENTíFICA DA SBC (CTIC-SBC),2011-07-19,Caixa 8
ANAIS DE EVENTO,Um Algoritmo Inter-Procedural para Análise de Largura de Variáveis,https://sol.sbc.org.br/index.php/ctic/article/view/28098,"Teixeira, Douglas do Couto; Pereira, Fernando Magno Quintão",ANAIS DO CONCURSO DE TRABALHOS DE INICIAçãO CIENTíFICA DA SBC (CTIC-SBC),2012-07-16,Caixa 8
ANAIS DE EVENTO,SpamBands: uma metodologia para identificação de fontes de spam agindo de forma orquestrada,https://sol.sbc.org.br/index.php/ctic/article/view/10018,"Fazzion, Elverton; Fonseca, Oswaldo; Meira Jr., Wagner; Guedes, Dorgival",ANAIS DO CONCURSO DE TRABALHOS DE INICIAçãO CIENTíFICA DA SBC (CTIC-SBC),2015-07-20,Caixa 8
ANAIS DE EVENTO,Avaliação da Relevância dos Warnings Reportados por Ferramentas para Detecção de Defeitos baseadas em Análise Estática,https://sol.sbc.org.br/index.php/ctic/article/view/29175,"Montandon, João Eduardo; Valente, Marco Túlio",ANAIS DO CONCURSO DE TRABALHOS DE INICIAçãO CIENTíFICA DA SBC (CTIC-SBC),2011-07-19,Caixa 8
ANAIS DE EVENTO,Detecção de Spams Utilizando Conteúdo Web Associado a Mensagens,https://sol.sbc.org.br/index.php/ctic/article/view/29173,"Ribeiro, Marco Túlio C.; Meira Jr., Wagner; Guedes, Dorgival; Veloso, Adriano",ANAIS DO CONCURSO DE TRABALHOS DE INICIAçãO CIENTíFICA DA SBC (CTIC-SBC),2011-07-19,Caixa 8
ANAIS DE EVENTO,,https://sol.sbc.org.br/index.php/ctic/article/view/9150,"Davila, Nicole C.; dos Reis, Adriana N.",ANAIS DO CONCURSO DE TRABALHOS DE INICIAçãO CIENTíFICA DA SBC (CTIC-SBC),2016-07-04,Caixa 8
ANAIS DE EVENTO,Combinando Técnicas de Mineração de Dados para Melhorar o Processo de Detecção Automática de Arritmia Cardíaca,https://sol.sbc.org.br/index.php/ctic/article/view/7162,"Gomes, Christian; Rocha, Leonardo",ANAIS DO CONCURSO DE TRABALHOS DE INICIAçãO CIENTíFICA DA SBC (CTIC-SBC),2019-07-01,Caixa 8
ANAIS DE EVENTO,Detecção de Spammers na Rede de Origem,https://sol.sbc.org.br/index.php/ctic/article/view/29172,"Las-Casas, Pedro Henrique B.; Marques-Neto, Humberto T.",ANAIS DO CONCURSO DE TRABALHOS DE INICIAçãO CIENTíFICA DA SBC (CTIC-SBC),2011-07-19,Caixa 8
ANAIS DE EVENTO,Análise e Implementação de Modelos Contextuais para Desambiguação de Entidades Nomeadas em Fluxos de Mensagens,https://sol.sbc.org.br/index.php/ctic/article/view/16860,"Davis, Alexandre; Pereira, Adriano C. M.",ANAIS DO CONCURSO DE TRABALHOS DE INICIAçãO CIENTíFICA DA SBC (CTIC-SBC),2013-07-23,Caixa 8
ANAIS DE EVENTO,Clustering consensual para a detecção eficiente de comunidades em redes pela modularidade ajustada,https://sol.sbc.org.br/index.php/ctic/article/view/16861,"Santos, Camila Pereira dos; Nascimento, Mariá Cristina Vasconcelos",ANAIS DO CONCURSO DE TRABALHOS DE INICIAçãO CIENTíFICA DA SBC (CTIC-SBC),2013-07-23,Caixa 8
ANAIS DE EVENTO,Ciclos e Caminhos Longos em Grafos Ímpares,https://sol.sbc.org.br/index.php/ctic/article/view/16863,"Mesquita, Felipe de Campos ; Bueno, Letícia Rodrigues",ANAIS DO CONCURSO DE TRABALHOS DE INICIAçãO CIENTíFICA DA SBC (CTIC-SBC),2013-07-23,Caixa 8
ANAIS DE EVENTO,Projeto e Implementação de Decodificadores de Código em Plataformas FPGA,https://sol.sbc.org.br/index.php/ctic/article/view/16864,"Araújo, Felipe de Oliveira de; Santos, Ricardo Ribeiro dos",ANAIS DO CONCURSO DE TRABALHOS DE INICIAçãO CIENTíFICA DA SBC (CTIC-SBC),2013-07-23,Caixa 8
ANAIS DE EVENTO,Classificação de Alto Nível Baseada em Entropia da Rede,https://sol.sbc.org.br/index.php/ctic/article/view/16865,"Alves Neto, Filipe; Zhao, Liang",ANAIS DO CONCURSO DE TRABALHOS DE INICIAçãO CIENTíFICA DA SBC (CTIC-SBC),2013-07-23,Caixa 8
ANAIS DE EVENTO,Implementação de Difusão Atômica Baseada em Diagnóstico com Testes Imperfeitos,https://sol.sbc.org.br/index.php/ctic/article/view/10505,"de Camargo, Edson; Duarte Jr., Elias; Cassou-Pietniczka, Weyne",ANAIS DO CONCURSO DE TRABALHOS DE INICIAçãO CIENTíFICA DA SBC (CTIC-SBC),2014-07-28,Caixa 8
ANAIS DE EVENTO,HASCH: Um Corretor Ortográfico Automático de Alto Desempenho para Textos Oriundos da Web,https://sol.sbc.org.br/index.php/ctic/article/view/28094,"Andrade, Guilherme; Teixeira, Felipe; Xavier, Carolina; Rocha, Leonardo",ANAIS DO CONCURSO DE TRABALHOS DE INICIAçãO CIENTíFICA DA SBC (CTIC-SBC),2012-07-16,Caixa 8
ANAIS DE EVENTO,Caracterização e Modelagem Temporal de Chamadas de Telefonia Móvel em Grandes Eventos,https://sol.sbc.org.br/index.php/ctic/article/view/16868,"Silveira, Lucas Maia; Marques-Neto, Humberto T.",ANAIS DO CONCURSO DE TRABALHOS DE INICIAçãO CIENTíFICA DA SBC (CTIC-SBC),2013-07-23,Caixa 8
ANAIS DE EVENTO,G-PETo: Um Framework para Troca Direta e Transparente de Dados entre Aplicações Filtro-Fluxo em Arquiteturas Multi-GPUs,https://sol.sbc.org.br/index.php/ctic/article/view/7164,"Avelar, Millas; Andrade, Guilherme; Rocha, Leonardo",ANAIS DO CONCURSO DE TRABALHOS DE INICIAçãO CIENTíFICA DA SBC (CTIC-SBC),2018-08-09,Caixa 8
ANAIS DE EVENTO,"Relações Espaciais, Temporais e de Ordem para Detecção de Colisão Broad Phase Genérica e Escalável",https://sol.sbc.org.br/index.php/ctic/article/view/3235,"Serpa, Ygor Rebouças; Rodrigues, Maria Andréia Formico",ANAIS DO CONCURSO DE TRABALHOS DE INICIAçãO CIENTíFICA DA SBC (CTIC-SBC),2018-07-26,Caixa 8
ANAIS DE EVENTO,FAiR: Framework de Avaliação e Caracterização em Sistemas de Recomendação,https://sol.sbc.org.br/index.php/ctic/article/view/7163,"Carvalho, Diego; Silva, Nícollas; Rocha, Leonardo",ANAIS DO CONCURSO DE TRABALHOS DE INICIAçãO CIENTíFICA DA SBC (CTIC-SBC),2018-08-09,Caixa 8
ANAIS DE EVENTO,FLODNet - Detecção e reconhecimento de objetos em dispositivos de baixa especificação: um estudo de caso em classificação de alimentos,https://sol.sbc.org.br/index.php/ctic/article/view/3234,"de Oliveira, Bernardo Augusto Godinho; Ferreira, Flávia M. F.; Martins, Carlos Augusto",ANAIS DO CONCURSO DE TRABALHOS DE INICIAçãO CIENTíFICA DA SBC (CTIC-SBC),2018-07-26,Caixa 8
ANAIS DE EVENTO,Simulação e Análise de Congestionamento em Redes Veiculares,https://sol.sbc.org.br/index.php/ctic/article/view/10509,"de Brito, Mariana; Tostes, Anna Izabel; Duarte-Figueiredo, Fátima",ANAIS DO CONCURSO DE TRABALHOS DE INICIAçãO CIENTíFICA DA SBC (CTIC-SBC),2014-07-28,Caixa 8
ANAIS DE EVENTO,Módulo de simulação realista para redes de acesso móveis LTE/LTE-A,https://sol.sbc.org.br/index.php/ctic/article/view/7165,"Sekijima, Luiz R. F.; de Andrade, Tiago P. C.; da Fonseca, Nelson L. S.",ANAIS DO CONCURSO DE TRABALHOS DE INICIAçãO CIENTíFICA DA SBC (CTIC-SBC),2018-08-09,Caixa 8
ANAIS DE EVENTO,Explorando a Dissimilaridade em Sistemas Colaborativos de Recomendação,https://sol.sbc.org.br/index.php/ctic/article/view/29177,"Miranda, Lucas; Mourão, Fernando; Meira Jr., Wagner",ANAIS DO CONCURSO DE TRABALHOS DE INICIAçãO CIENTíFICA DA SBC (CTIC-SBC),2011-07-19,Caixa 8
ANAIS DE EVENTO,Protein Structure Prediction with Parallel Algorithms Orthogonal to Parallel Platforms,https://sol.sbc.org.br/index.php/ctic/article/view/7157,"Saldanha, Matheus Henrique Junqueira; de Souza, Paulo Sérgio Lopes",ANAIS DO CONCURSO DE TRABALHOS DE INICIAçãO CIENTíFICA DA SBC (CTIC-SBC),2019-07-01,Caixa 8
ANAIS DE EVENTO,Um Estudo Empírico Exploratório em Confiabilidade de Sistemas Operacionais,https://sol.sbc.org.br/index.php/ctic/article/view/10510,"Antunes, Marcela; Matias Jr., Rivalino",ANAIS DO CONCURSO DE TRABALHOS DE INICIAçãO CIENTíFICA DA SBC (CTIC-SBC),2014-07-28,Caixa 8
ANAIS DE EVENTO,Restauração de serviços em nuvem óptica: uma abordagem tolerante à degradação de banda e ao atraso de restauração,https://sol.sbc.org.br/index.php/ctic/article/view/7166,"Lisboa, Felipe; Fonseca, Keiko V. O.; de Santi, Juliana",ANAIS DO CONCURSO DE TRABALHOS DE INICIAçãO CIENTíFICA DA SBC (CTIC-SBC),2018-08-09,Caixa 8
ANAIS DE EVENTO,Transferência de Aprendizado para Redes Bayesianas com Aplicação em Predição de Falha de Discos Rígidos,https://sol.sbc.org.br/index.php/ctic/article/view/7167,"Pereira, Francisco Lucas F.; Lima, Fernando Dione S.; Leite, Lucas G. M.; Gomes, João Paulo P.; Machado, Javam C.",ANAIS DO CONCURSO DE TRABALHOS DE INICIAçãO CIENTíFICA DA SBC (CTIC-SBC),2018-08-09,Caixa 8
ANAIS DE EVENTO,Uma abordagem descentralizada para encurtamento de URLs,https://sol.sbc.org.br/index.php/ctic/article/view/28099,"Dores, Wellington; Freitas, Pedro; Benevenuto, Fabrício",ANAIS DO CONCURSO DE TRABALHOS DE INICIAçãO CIENTíFICA DA SBC (CTIC-SBC),2012-07-16,Caixa 8
ANAIS DE EVENTO,Uma Metodologia para Agrupamento e Extração de Informações de URLs de Phishing,https://sol.sbc.org.br/index.php/ctic/article/view/11053,"Santos, Welton Augusto  Rodrigues; Fonseca , Osvaldo; Fazzion, Elverton ",ANAIS DO CONCURSO DE TRABALHOS DE INICIAçãO CIENTíFICA DA SBC (CTIC-SBC),2020-06-30,Caixa 8
ANAIS DE EVENTO,"Avaliação de Desempenho, Consumo de Energia e Gerenciadores de Frequência em Sistemas Transacionais",https://sol.sbc.org.br/index.php/ctic/article/view/10503,"de Carvalho, João Paulo; Baldassin, Alexandro",ANAIS DO CONCURSO DE TRABALHOS DE INICIAçãO CIENTíFICA DA SBC (CTIC-SBC),2014-07-28,Caixa 8
ANAIS DE EVENTO,Um Mecanismo de Consulta Temporal por Palavras-Chave em Páginas Web,https://sol.sbc.org.br/index.php/ctic/article/view/29179,"Frozi, Aline; Manica, Edimar; Galante, Renata; Dorneles, Carina F.",ANAIS DO CONCURSO DE TRABALHOS DE INICIAçãO CIENTíFICA DA SBC (CTIC-SBC),2011-07-19,Caixa 8
ANAIS DE EVENTO,Aplicando Nuvem de Partículas para Atenuar o Dilema entre Diversidade e Acurácia em Domínios de Recomendação,https://sol.sbc.org.br/index.php/ctic/article/view/7158,"Trotta, Tiago; Carvalho, Diego; Silva, Nícollas; Rocha, Leonardo",ANAIS DO CONCURSO DE TRABALHOS DE INICIAçãO CIENTíFICA DA SBC (CTIC-SBC),2019-07-01,Caixa 8
ANAIS DE EVENTO,Aplicação de Técnicas de Inteligência Computacional para Detecção de Fraude em Comércio Eletrônico,https://sol.sbc.org.br/index.php/ctic/article/view/28091,"Lima, Rafael A. F.; Pereira, Adriano C. M.",ANAIS DO CONCURSO DE TRABALHOS DE INICIAçãO CIENTíFICA DA SBC (CTIC-SBC),2012-07-16,Caixa 8
ANAIS DE EVENTO,MSBSD: um Algoritmo para Decisão Rápida na Inter-Predição em Codificadores HEVC,https://sol.sbc.org.br/index.php/ctic/article/view/28095,"Grellert, Mateus; Sampaio, Felipe; Agostini, Luciano; Mattos, Júlio C. B.",ANAIS DO CONCURSO DE TRABALHOS DE INICIAçãO CIENTíFICA DA SBC (CTIC-SBC),2012-07-16,Caixa 8
ANAIS DE EVENTO,Recuperação Inteligente de Letras de Músicas na Web,https://sol.sbc.org.br/index.php/ctic/article/view/10507,"Ribeiro, Rafael; Silla, Carlos",ANAIS DO CONCURSO DE TRABALHOS DE INICIAçãO CIENTíFICA DA SBC (CTIC-SBC),2014-07-28,Caixa 8
ANAIS DE EVENTO,Um Sistema de Reconhecimento de Espécies de Moscas-das-Frutas,https://sol.sbc.org.br/index.php/ctic/article/view/7159,"Leonardo, Matheus Macedo; Faria, Fabio Augusto",ANAIS DO CONCURSO DE TRABALHOS DE INICIAçãO CIENTíFICA DA SBC (CTIC-SBC),2019-07-01,Caixa 8
ANAIS DE EVENTO,CluWords: Explorando Clusters Semânticos entre Palavras para Aprimorar Modelagem de Tópicos,https://sol.sbc.org.br/index.php/ctic/article/view/7155,"Gomes, Christian Reis Fagundes; da Rocha, Leonardo Chaves Dutra; Viegas, Felipe Augusto Resende; da Cunha, Washington Luiz Miranda",ANAIS DO CONCURSO DE TRABALHOS DE INICIAçãO CIENTíFICA DA SBC (CTIC-SBC),2019-07-01,Caixa 8
ANAIS DE EVENTO,Distance-based polytope for the classical vertex coloring problem in graphs,https://sol.sbc.org.br/index.php/etc/article/view/3155,"Dias, Bruno; de Freitas, Rosiane; Marenco, Javier; Maculan, Nelson",PROCEEDINGS OF  THE THEORY OF COMPUTATION MEETING (ETC),2018-07-26,Caixa 8
ANAIS DE EVENTO,Introduction and Organizing Committee,https://sol.sbc.org.br/index.php/etc/article/view/9886,"Sales, Cláudia Linhares; de Freitas, Rosiane",PROCEEDINGS OF  THE THEORY OF COMPUTATION MEETING (ETC),2018-07-26,Caixa 8
ANAIS DE EVENTO,Distance-based polytope for the classical vertex coloring problem in graphs,https://sol.sbc.org.br/index.php/etc/article/view/3157,"Dias, Bruno; de Freitas, Rosiane; Marenco, Javier; Maculan, Nelson",PROCEEDINGS OF  THE THEORY OF COMPUTATION MEETING (ETC),2018-07-26,Caixa 8
ANAIS DE EVENTO,,https://sol.sbc.org.br/index.php/desafie/article/view/12179,"Leitão, Gabriel; Barreto, Raimundo",ANAIS DO WORKSHOP DE DESAFIOS DA COMPUTAçãO APLICADA à EDUCAçãO (DESAFIE!),2019-11-11,Caixa 8
ANAIS DE EVENTO,,https://sol.sbc.org.br/index.php/desafie/article/view/12180,"Almeida, Igor Pereira de; Lima, Joselice; Melo, Luciana Oliveira; Nunes, Edlaine Rodrigues; Gonçalves, Willian Renan Rodrigues; Nunes, Danilo Magalhães",ANAIS DO WORKSHOP DE DESAFIOS DA COMPUTAçãO APLICADA à EDUCAçãO (DESAFIE!),2019-11-11,Caixa 8
ANAIS DE EVENTO,,https://sol.sbc.org.br/index.php/desafie/article/view/12181,"Kuhn, Igor; Santos Jr, Francisco Dutra dos; Wives, Leandro; Ferrari, Mariete",ANAIS DO WORKSHOP DE DESAFIOS DA COMPUTAçãO APLICADA à EDUCAçãO (DESAFIE!),2019-11-11,Caixa 8
ANAIS DE EVENTO,,https://sol.sbc.org.br/index.php/desafie/article/view/12183,"Silveira, Pedro Netto; Cury, Davidson; Tavares, Orivaldo; Menezes, Crediné de; Aragón, Rosane; Castro, Alberto; Castro, Thais",ANAIS DO WORKSHOP DE DESAFIOS DA COMPUTAçãO APLICADA à EDUCAçãO (DESAFIE!),2019-11-11,Caixa 8
ANAIS DE EVENTO,,https://sol.sbc.org.br/index.php/desafie/article/view/12184,"Silva, Marcelo Martins da; Muniz, Pedro; Oliveira, Francisco Carlos de Mattos Brito; Silva, Lidiane; Furtado, Eder",ANAIS DO WORKSHOP DE DESAFIOS DA COMPUTAçãO APLICADA à EDUCAçãO (DESAFIE!),2019-11-11,Caixa 8
ANAIS DE EVENTO,,https://sol.sbc.org.br/index.php/desafie/article/view/12185,"Oliveira, Leonam; Oliveira, Carolina Moreira; Oliveira, Leander; Pimentel, Andrey",ANAIS DO WORKSHOP DE DESAFIOS DA COMPUTAçãO APLICADA à EDUCAçãO (DESAFIE!),2019-11-11,Caixa 8
ANAIS DE EVENTO,,https://sol.sbc.org.br/index.php/desafie/article/view/12187,"Haslinger, Evelin; Santos Jr, Francisco Dutra dos; Silva, Patrícia F. da",ANAIS DO WORKSHOP DE DESAFIOS DA COMPUTAçãO APLICADA à EDUCAçãO (DESAFIE!),2019-11-11,Caixa 8
ANAIS DE EVENTO,,https://sol.sbc.org.br/index.php/desafie/article/view/12188,"Oliveira, Leander; Oliveira, Carolina Moreira; Oliveira, Leonam",ANAIS DO WORKSHOP DE DESAFIOS DA COMPUTAçãO APLICADA à EDUCAçãO (DESAFIE!),2019-11-11,Caixa 8
ANAIS DE EVENTO,,https://sol.sbc.org.br/index.php/desafie/article/view/12189,"Lucena, Daniel; Macedo, Karoline da Paz; Custódio, Natalia; Nunes, Isabel",ANAIS DO WORKSHOP DE DESAFIOS DA COMPUTAçãO APLICADA à EDUCAçãO (DESAFIE!),2019-11-11,Caixa 8
ANAIS DE EVENTO,,https://sol.sbc.org.br/index.php/desafie/article/view/12182,"Santos Jr, Francisco Dutra dos; Barone, Dante Augusto Couto; Wives, Leandro; Kuhn, Igor",ANAIS DO WORKSHOP DE DESAFIOS DA COMPUTAçãO APLICADA à EDUCAçãO (DESAFIE!),2019-11-11,Caixa 8
ANAIS DE EVENTO,Prefácio e Organização,https://sol.sbc.org.br/index.php/eradsp/article/view/13591,"Fazenda, Álvaro Luiz; Mendes, Celso Luiz; Wanner, Lucas; Panetta, Jairo",PROCEEDINGS OF THE REGIONAL SCHOOL OF HIGH PERFORMANCE COMPUTING FROM SãO PAULO (ERAD-SP),2018-04-13,Caixa 8
ANAIS DE EVENTO,Foreword and Organizing Committee,https://sol.sbc.org.br/index.php/eradsp/article/view/16690,"Cordeiro, Daniel; Francesquini, Emilio; Guardia, Hélio Crestana; Menotti, Ricardo",PROCEEDINGS OF THE REGIONAL SCHOOL OF HIGH PERFORMANCE COMPUTING FROM SãO PAULO (ERAD-SP),2021-05-06,Caixa 8
ANAIS DE EVENTO,Prefácio e Organização,https://sol.sbc.org.br/index.php/eradsp/article/view/16871,"Bianchini, Calebe de Paula; Iope, Rogério Luiz; Cordeiro, Daniel; Francesquini, Emilio",PROCEEDINGS OF THE REGIONAL SCHOOL OF HIGH PERFORMANCE COMPUTING FROM SãO PAULO (ERAD-SP),2020-08-19,Caixa 8
ANAIS DE EVENTO,Prefácio e Organização,https://sol.sbc.org.br/index.php/eradsp/article/view/21916,"Guardia, Hélio Crestana; Menotti, Ricardo; Goldman, Alfredo; Pisani, Flávia",PROCEEDINGS OF THE REGIONAL SCHOOL OF HIGH PERFORMANCE COMPUTING FROM SãO PAULO (ERAD-SP),2022-04-07,Caixa 8
ANAIS DE EVENTO,,https://sol.sbc.org.br/index.php/wcama/article/view/9549,"Vieira, Alen Costa; Pessin, Gustavo",PROCEEDINGS OF THE WORKSHOP ON COMPUTING APPLIED TO THE MANAGEMENT OF THE ENVIRONMENT AND NATURAL RESOURCES (WCAMA),2016-07-04,Caixa 8
ANAIS DE EVENTO,Introduction and Organizing Committee,https://sol.sbc.org.br/index.php/wcama/article/view/9868,"Saraiva, Antonio Mauro",PROCEEDINGS OF THE WORKSHOP ON COMPUTING APPLIED TO THE MANAGEMENT OF THE ENVIRONMENT AND NATURAL RESOURCES (WCAMA),2017-07-02,Caixa 8
ANAIS DE EVENTO,Introduction and Organizing Committee,https://sol.sbc.org.br/index.php/erbd/article/view/24358,"Araújo, Lilian do Nascimento; Lichtnow, Daniel; Kozievitch, Nádia Puchalski",PROCEEDINGS OF THE REGIONAL DATABASE SCHOOL (ERBD),2023-04-11,Caixa 8
ANAIS DE EVENTO,Introduction and Organizing Committee,https://sol.sbc.org.br/index.php/erbd/article/view/28486,"Manfredini, Ricardo Augusto; Ferrero, Carlos Andrés; Lichtnow, Daniel",PROCEEDINGS OF THE REGIONAL DATABASE SCHOOL (ERBD),2024-04-10,Caixa 8
ANAIS DE EVENTO,Aplicações de Mineração de Dados na Pecuária de Corte: Previsão de Indicadores de Qualidade de Carcaças,https://sol.sbc.org.br/index.php/erbd/article/view/2833,"Silva, Rodrigo R. da; Maciel, Thales V.; Lampert, Vinícius do N.; Souza, Denizar S. de",PROCEEDINGS OF THE REGIONAL DATABASE SCHOOL (ERBD),2018-04-11,Caixa 8
ANAIS DE EVENTO,Predição de Indicadores Zootécnicos de Carcaças Bovinas a Partir de Variáveis de Cria,https://sol.sbc.org.br/index.php/erbd/article/view/2831,"Maciel, Thales V.; Lampert, Vinícius do N.; Souza, Denizar S.; Silva, Rodrigo R. da",PROCEEDINGS OF THE REGIONAL DATABASE SCHOOL (ERBD),2018-04-11,Caixa 8
ANAIS DE EVENTO,Virtualização e Migração de Processos em um Sistema Operacional Distribuído para Lightweight Manycores,https://sol.sbc.org.br/index.php/eradrs/article/view/19157,"Vanz, Nicolas; Souto, João Vicente; Castro, Márcio",PROCEEDINGS OF THE REGIONAL SCHOOL OF HIGH PERFORMANCE COMPUTING FROM SOUTHERN BRAZIL (ERAD-RS),2022-04-18,Caixa 9
ANAIS DE EVENTO,Detecção e Segmentação Automática de Estruturas em Imagens de Exames Oftalmológicos,https://sol.sbc.org.br/index.php/ercas/article/view/9038,"Sampaio, Filipe A.; Veras, Rodrigo M. S. ; Santos, Elineide; Portela, Helano M. B. F. ",PROCEEDINGS OF THE REGIONAL SCHOOL OF APPLIED COMPUTING FOR HEALTH (ERCAS),2019-12-26,Caixa 9
ANAIS DE EVENTO,Segmentação de Núcleos em Imagens Histológicas Renais,https://sol.sbc.org.br/index.php/ercas/article/view/9037,"Batista, Rodrigo E. C.; Veras, Rodrigo M. S.; Santos, Justino D. ; Silva, Huria S. M. C. ",PROCEEDINGS OF THE REGIONAL SCHOOL OF APPLIED COMPUTING FOR HEALTH (ERCAS),2019-12-26,Caixa 9
ANAIS DE EVENTO,,https://sol.sbc.org.br/index.php/wgrs/article/view/7686," Garcia, Vinicius  Fülber;  Caggiani Luizelli, Marcelo  ;  Duarte Jr., Elias  P.;  Paula dos Santos, Carlos Raniery  ",PROCEEDINGS OF THE WORKSHOP ON MANAGEMENT AND OPERATION OF NETWORKS AND SERVICE (WGRS),2019-09-23,Caixa 9
ANAIS DE EVENTO,,https://sol.sbc.org.br/index.php/wgrs/article/view/7684," dos Passos, Edenilson Jônatas  ;  Fiorese, Adriano  ",PROCEEDINGS OF THE WORKSHOP ON MANAGEMENT AND OPERATION OF NETWORKS AND SERVICE (WGRS),2019-09-23,Caixa 9
ANAIS DE EVENTO,,https://sol.sbc.org.br/index.php/wgrs/article/view/7683," Mattos, Diogo  Menezes Ferrazani;  Medeiros, Dianne  Scherly Varela de;  Fernandes, Natalia  ;  Magalhaes, Luiz  ",PROCEEDINGS OF THE WORKSHOP ON MANAGEMENT AND OPERATION OF NETWORKS AND SERVICE (WGRS),2019-09-23,Caixa 9
ANAIS DE EVENTO,,https://sol.sbc.org.br/index.php/wgrs/article/view/7682," Moussa, Alissar  Ali;  Nogueira, Michele  ;  Guedes, André  L. P.",PROCEEDINGS OF THE WORKSHOP ON MANAGEMENT AND OPERATION OF NETWORKS AND SERVICE (WGRS),2019-09-23,Caixa 9
ANAIS DE EVENTO,Modelo Adaptativo para Previsão de Recursos de Rede em Provedores de Internet Modernos,https://sol.sbc.org.br/index.php/wgrs/article/view/12462,"Oliveira, Dyego H. L.; V. Filho, Francisco M.; de Araújo, Thelmo P.; Celestino Jr., Joaquim; Gomes, Rafael L.",PROCEEDINGS OF THE WORKSHOP ON MANAGEMENT AND OPERATION OF NETWORKS AND SERVICE (WGRS),2020-12-07,Caixa 9
ANAIS DE EVENTO,,https://sol.sbc.org.br/index.php/wgrs/article/view/7681," Schuartz, Fabio  Cesar;  Munaretto, Anelise  ;  Fonseca, Mauro  ",PROCEEDINGS OF THE WORKSHOP ON MANAGEMENT AND OPERATION OF NETWORKS AND SERVICE (WGRS),2019-09-23,Caixa 9
ANAIS DE EVENTO,,https://sol.sbc.org.br/index.php/wgrs/article/view/7679," Lenz, Paulo  Jr.;  Matos da Silva, Matheus  Donizete;  Nogueira, Michele  ;  dos Santos, Aldri  Luiz",PROCEEDINGS OF THE WORKSHOP ON MANAGEMENT AND OPERATION OF NETWORKS AND SERVICE (WGRS),2019-09-23,Caixa 9
ANAIS DE EVENTO,,https://sol.sbc.org.br/index.php/wgrs/article/view/7690," Prates Junior, Nelson  Gonçalves;  Vergutz, Andressa  ;  Tombesi Macedo, Ricardo  ;  Nogueira, Michele  ",PROCEEDINGS OF THE WORKSHOP ON MANAGEMENT AND OPERATION OF NETWORKS AND SERVICE (WGRS),2019-09-23,Caixa 9
ANAIS DE EVENTO,,https://sol.sbc.org.br/index.php/wgrs/article/view/7689," Silva, Lucas  ;  Souza, Fernanda Sumika  H.;  Guidoni, Daniel  Ludovico;  Sarubbi, João F. M.  ;  Pitangui, Cristiano  ;  Silva, Cristiano  Maciel da",PROCEEDINGS OF THE WORKSHOP ON MANAGEMENT AND OPERATION OF NETWORKS AND SERVICE (WGRS),2019-09-23,Caixa 9
ANAIS DE EVENTO,,https://sol.sbc.org.br/index.php/wgrs/article/view/7688," Andrade, Jose Everaldo  ;  Veloso, Kevin  ;  Silva, Nathália  de Vasconcelos;  dos Santos, Aldri  Luiz;  Matos, Fernando  Menezes",PROCEEDINGS OF THE WORKSHOP ON MANAGEMENT AND OPERATION OF NETWORKS AND SERVICE (WGRS),2019-09-23,Caixa 9
ANAIS DE EVENTO,,https://sol.sbc.org.br/index.php/wgrs/article/view/7687," Gomes de Melo, Robson  ;  dos Santos, Aldri  Luiz",PROCEEDINGS OF THE WORKSHOP ON MANAGEMENT AND OPERATION OF NETWORKS AND SERVICE (WGRS),2019-09-23,Caixa 9
ANAIS DE EVENTO,,https://sol.sbc.org.br/index.php/wcga/article/view/7594," Magalhães de Carvalho, Matheus  ;  Vieira, Francisco  Mardônio;  de Matos, Filipe  Fernandes dos Santos;  Lopes Gomes, Rafael  ;  Celestino Júnior, Joaquim  ",PROCEEDINGS OF THE CLOUDS AND APLICATIONS WORKSHOP (WCGA),2019-09-16,Caixa 9
ANAIS DE EVENTO,,https://sol.sbc.org.br/index.php/wcga/article/view/7591," Fernandes, João Pedro  ;  Tavares de Camargo, Edson  ",PROCEEDINGS OF THE CLOUDS AND APLICATIONS WORKSHOP (WCGA),2019-09-16,Caixa 9
ANAIS DE EVENTO,,https://sol.sbc.org.br/index.php/courb/article/view/7476,"Molano Ortiz, Fernando  ; Almeida, Thales  ; Ferreira, Ana Elisa Leitão Alonso; Costa, Luis Henrique Maciel Kosmalski",PROCEEDINGS OF THE URBAN COMPUTING WORKSHOP (COURB),2019-09-10,Caixa 9
ANAIS DE EVENTO,,https://sol.sbc.org.br/index.php/courb/article/view/7467,"Pereira, Geraldo  ; Meneguette, Rodolfo Ipolito; Pessin, Gustavo  ; Ueyama, Jó  ; Villas, Leandro  ",PROCEEDINGS OF THE URBAN COMPUTING WORKSHOP (COURB),2019-09-10,Caixa 9
ANAIS DE EVENTO,,https://sol.sbc.org.br/index.php/courb/article/view/7477,"Tenorio, Fernanda Ferreira Albuquerque; Chagas, Eduarda  ; Barros, Pedro  ; Ramos, Heitor S.",PROCEEDINGS OF THE URBAN COMPUTING WORKSHOP (COURB),2019-09-10,Caixa 9
ANAIS DE EVENTO,,https://sol.sbc.org.br/index.php/courb/article/view/7478,"Moreira, Diego Alysson Braga; Chaves, Levy Gurgel; Lopes Gomes, Rafael  ; Celestino Júnior, Joaquim  ",PROCEEDINGS OF THE URBAN COMPUTING WORKSHOP (COURB),2019-09-10,Caixa 9
ANAIS DE EVENTO,,https://sol.sbc.org.br/index.php/courb/article/view/7472,"Miranda e Silva Sousa, Paulo  ; Freitas, Robertty  ; e Silva, Abilio Castro; Neto, Wilton  ; Moreira Bezerra, Carla Ilane  ; Coutinho, Emanuel Ferreira",PROCEEDINGS OF THE URBAN COMPUTING WORKSHOP (COURB),2019-09-10,Caixa 9
ANAIS DE EVENTO,,https://sol.sbc.org.br/index.php/courb/article/view/7471,"Santin, Priscila Louise Leyser; Munaretto, Anelise  ; Fonseca, Mauro  ; Silva, Thiago Henrique  ",PROCEEDINGS OF THE URBAN COMPUTING WORKSHOP (COURB),2019-09-10,Caixa 9
ANAIS DE EVENTO,,https://sol.sbc.org.br/index.php/courb/article/view/7479,"Pereira, Rafael S.; Peixoto, Maycon M. L.; Jesus, José Souza; Barbosa, Matheus Thiago Marques; Chagas Barros, Eric Bernardes  ",PROCEEDINGS OF THE URBAN COMPUTING WORKSHOP (COURB),2019-09-10,Caixa 9
ANAIS DE EVENTO,Utilizando aprendizado por representação para a classificação de laços sociais da IoT,https://sol.sbc.org.br/index.php/courb/article/view/21448,"J. Júnior, Jamisson; Figueiredo, Thiago S.; Lopes, Ramon; Torres, Luiz C. B.; Santos, Bruno P.",PROCEEDINGS OF THE URBAN COMPUTING WORKSHOP (COURB),2022-05-23,Caixa 9
ANAIS DE EVENTO,,https://sol.sbc.org.br/index.php/courb/article/view/7474,"Sales de Araujo, Iury Rogerio  ; Pedrosa, Mikaelly Felicio; Gomes dos Anjos, Eudisley  ; Matos, Fernando Menezes",PROCEEDINGS OF THE URBAN COMPUTING WORKSHOP (COURB),2019-09-10,Caixa 9
ANAIS DE EVENTO,,https://sol.sbc.org.br/index.php/courb/article/view/7465,"Brennand, Celso A. R. L.; Pereira, Geraldo  ",PROCEEDINGS OF THE URBAN COMPUTING WORKSHOP (COURB),2019-09-10,Caixa 9
ANAIS DE EVENTO,,https://sol.sbc.org.br/index.php/courb/article/view/7464,"Silva, Luiz Henrique da Costa; Mini, Raquel  ; Domingos da Cunha, Felipe  ",PROCEEDINGS OF THE URBAN COMPUTING WORKSHOP (COURB),2019-09-10,Caixa 9
ANAIS DE EVENTO,,https://sol.sbc.org.br/index.php/courb/article/view/7475,"Cosmi, Arthur Brito; Mota, Vinicius F. S.",PROCEEDINGS OF THE URBAN COMPUTING WORKSHOP (COURB),2019-09-10,Caixa 9
ANAIS DE EVENTO,,https://sol.sbc.org.br/index.php/courb/article/view/7469,"Lima, Clauciane Dias; Lüders, Ricardo  ; Gomes Jr, Luiz Celso  ; Fonseca, Keiko  ; Peixoto, Altiéris Marcelino",PROCEEDINGS OF THE URBAN COMPUTING WORKSHOP (COURB),2019-09-10,Caixa 9
ANAIS DE EVENTO,,https://sol.sbc.org.br/index.php/courb/article/view/7466,"Rooke da Silva, Felipe  ; Soares de Barros Alencar, Victor Aquiles  ; Vieira, Alex Borges; Machado, Marcelo de Oliveira Costa",PROCEEDINGS OF THE URBAN COMPUTING WORKSHOP (COURB),2019-09-10,Caixa 9
ANAIS DE EVENTO,MobAngelo: Assistência Emergencial em Ambientes urbanos,https://sol.sbc.org.br/index.php/sbrc_estendido/article/view/17151,"Cunha, Lucas Braz; Batista, Agnaldo de Souza; Santos, Aldri",COMPANION PROCEEDINGS OF THE BRAZILIAN SYMPOSIUM ON COMPUTER NETWORKS AND DISTRIBUTED SYSTEMS (SBRC),2021-08-16,Caixa 9
ANAIS DE EVENTO,Alocação de recursos e posicionamento de funções virtualizadas em redes de acesso por rádio desagregadas,https://sol.sbc.org.br/index.php/sbrc_estendido/article/view/29969,"Almeida, Gabriel Matheus; Pinto, Leizer de Lima; Cardoso, Kleber Vieira",COMPANION PROCEEDINGS OF THE BRAZILIAN SYMPOSIUM ON COMPUTER NETWORKS AND DISTRIBUTED SYSTEMS (SBRC),2024-05-20,Caixa 9
ANAIS DE EVENTO,,https://sol.sbc.org.br/index.php/sbrc_estendido/article/view/7794,"Souza, Pedro H.; Fernandes, Massilon L.; Gomides, Thiago S.; Souza, Fernanda S. H.; Silva, Cristiano M.; Guidoni, Daniel L.",COMPANION PROCEEDINGS OF THE BRAZILIAN SYMPOSIUM ON COMPUTER NETWORKS AND DISTRIBUTED SYSTEMS (SBRC),2019-05-06,Caixa 9
ANAIS DE EVENTO,Modelo Adaptativo para Previsão de Recursos de Rede em Provedores de Internet Modernos,https://sol.sbc.org.br/index.php/sbrc_estendido/article/view/17167,"Oliveira, Dyego H. L.; Gomes, Rafael L.",COMPANION PROCEEDINGS OF THE BRAZILIAN SYMPOSIUM ON COMPUTER NETWORKS AND DISTRIBUTED SYSTEMS (SBRC),2021-08-16,Caixa 9
ANAIS DE EVENTO,URLYZER: sistema de identificação de URLs maliciosas utilizando IA como suporte à tomada de decisão,https://sol.sbc.org.br/index.php/sbrc_estendido/article/view/17180,"Gonçalves, Diego Luiz Nunes; Leite Filho, Dionsio Machado",COMPANION PROCEEDINGS OF THE BRAZILIAN SYMPOSIUM ON COMPUTER NETWORKS AND DISTRIBUTED SYSTEMS (SBRC),2021-08-16,Caixa 9
ANAIS DE EVENTO,Abordagens Exata e Heurística para o Mapeamento de Redes Virtuais,https://sol.sbc.org.br/index.php/sbrc_estendido/article/view/7782,"Araújo, Samuel M. A.; Mateus, Geraldo R.; Souza, Fernanda S. H. de",COMPANION PROCEEDINGS OF THE BRAZILIAN SYMPOSIUM ON COMPUTER NETWORKS AND DISTRIBUTED SYSTEMS (SBRC),2019-05-06,Caixa 9
ANAIS DE EVENTO,,https://sol.sbc.org.br/index.php/wscdc/article/view/7703," Alves Barea, Emerson Rogério  ;  Freire de Souza, Jaime  ;  Marcondes, Cesar  A.;  Godoy, Douglas  Baptista de",PROCEEDINGS OF THE CONNECTED DEVICES CYBERSECURITY WORKSHOP (WSCDC),2019-09-24,Caixa 9
ANAIS DE EVENTO,,https://sol.sbc.org.br/index.php/wscdc/article/view/7702," Almeida, Fabio  ;  Bontempo, Marília  M.;   dos Santos, José Rodrigo  ;  Alberti, Antonio Marcos  ",PROCEEDINGS OF THE CONNECTED DEVICES CYBERSECURITY WORKSHOP (WSCDC),2019-09-24,Caixa 9
ANAIS DE EVENTO,,https://sol.sbc.org.br/index.php/wscdc/article/view/7709," Lemos, Marcilio  ;  Silva, Esau  ;  Sampaio Dantas Silva, Felipe  ;  Neto, Augusto  José Venâncio",PROCEEDINGS OF THE CONNECTED DEVICES CYBERSECURITY WORKSHOP (WSCDC),2019-09-24,Caixa 9
ANAIS DE EVENTO,,https://sol.sbc.org.br/index.php/wscdc/article/view/7701," Rodrigues, Moisés  da Silva;  Barbieri, Sidnei  ;  Parente de Oliveira, José  ;  Marcondes, Cesar  A.;  Pereira Jr, Lourenco  Alves",PROCEEDINGS OF THE CONNECTED DEVICES CYBERSECURITY WORKSHOP (WSCDC),2019-09-24,Caixa 9
ANAIS DE EVENTO,LATOR: Protocolo de Roteamento Ciente de Qualidade com Prevenção de Aquecimento para Redes Corporais sem Fio,https://sol.sbc.org.br/index.php/sbrc/article/view/12330,"Rosillo, Egberto Caballero; Ferreira, Vinicius ; Lima, Robson; Albuquerque, Célio; Muchaluat-Saade, Débora  Christina ",PROCEEDINGS OF THE BRAZILIAN SYMPOSIUM ON COMPUTER NETWORKS AND DISTRIBUTED SYSTEMS (SBRC),2020-12-07,Caixa 9
ANAIS DE EVENTO,Replicação Máquina de Estados Paralelas com Escalonamento Híbrido,https://sol.sbc.org.br/index.php/sbrc/article/view/16741,"Burgos, Aldênio; Alchieri, Eduardo; Dotti, Fernando; Pedone, Fernando",PROCEEDINGS OF THE BRAZILIAN SYMPOSIUM ON COMPUTER NETWORKS AND DISTRIBUTED SYSTEMS (SBRC),2021-08-16,Caixa 9
ANAIS DE EVENTO,Prefácio e Organização,https://sol.sbc.org.br/index.php/ihc/article/view/19390,"Freire, André Pimenta; Mota, Marcelle Pereira",PROCEEDINGS OF THE BRAZILIAN SYMPOSIUM ON HUMAN FACTORS IN COMPUTATIONAL SYSTEMS (IHC),2021-10-18,Caixa 9
ANAIS DE EVENTO,,https://sol.sbc.org.br/index.php/sscad/article/view/234,"Penha, Jeronimo; Bragança, Lucas; Almeida, Danilo; Nacif, Jose; Ferreira, Ricardo",PROCEEDINGS OF THE SYMPOSIUM ON HIGH PERFORMANCE COMPUTING SYSTEMS (SSCAD),2017-10-17,Caixa 9
ANAIS DE EVENTO,Foreword and Organizing Committee,https://sol.sbc.org.br/index.php/sscad/article/view/19134,"Melo, Alba Cristina M. A.; Souza, Alberto F.; Dantas, Mário Antônio R.",PROCEEDINGS OF THE SYMPOSIUM ON HIGH PERFORMANCE COMPUTING SYSTEMS (SSCAD),2020-10-21,Caixa 9
ANAIS DE EVENTO,Prefácio e Organização,https://sol.sbc.org.br/index.php/sscad/article/view/20690,"Trevelin, Luis Carlos; Melo, Alba Cristina M. A.; Sato, Liria Matsumoto; Saito, José Hiroki",PROCEEDINGS OF THE SYMPOSIUM ON HIGH PERFORMANCE COMPUTING SYSTEMS (SSCAD),2020-10-21,Caixa 9
ANAIS DE EVENTO,Virtualização e Migração de Processos em um Sistema Operacional Distribuído para Lightweight Manycores,https://sol.sbc.org.br/index.php/sscad/article/view/26505,"Vanz, Nicolas; Souto, João Vicente; Castro, Márcio",PROCEEDINGS OF THE SYMPOSIUM ON HIGH PERFORMANCE COMPUTING SYSTEMS (SSCAD),2023-10-17,Caixa 9
ANAIS DE EVENTO,Presentation and Organizing Committee,https://sol.sbc.org.br/index.php/sscad/article/view/18993,"Castro, Maria Clicia Stelling de; Midorikawa, Edson; Silva, Gabriel P.; Rebello, Vinod E. F.",PROCEEDINGS OF THE SYMPOSIUM ON HIGH PERFORMANCE COMPUTING SYSTEMS (SSCAD),2005-10-24,Caixa 9
ANAIS DE EVENTO,Prefácio e Organização,https://sol.sbc.org.br/index.php/sscad/article/view/20775,"Souza, Alberto F. De; Rose, César A. F. De; Reis Jr., Neyval C.; Diverio, Tiarajú A.",PROCEEDINGS OF THE SYMPOSIUM ON HIGH PERFORMANCE COMPUTING SYSTEMS (SSCAD),2002-10-28,Caixa 9
ANAIS DE EVENTO,,https://sol.sbc.org.br/index.php/sscad/article/view/238,"Podestá Jr., Emmanuel; D. Pereira, Alyson; C. O. Rocha, Rodrigo; Castro, Márcio; F. W. Góes, Luís",PROCEEDINGS OF THE SYMPOSIUM ON HIGH PERFORMANCE COMPUTING SYSTEMS (SSCAD),2017-10-17,Caixa 9
ANAIS DE EVENTO,,https://sol.sbc.org.br/index.php/rbresd/article/view/74,"H. Silva, Thiago; O. S. Vaz de Melo, Pedro; M. Almeida, Jussara; A. F. Loureiro, Antonio",BRAZILIAN JOURNAL OF COMPUTER NETWORKS AND DISTRIBUTED SYSTEMS,2017-06-23,Caixa 9
ANAIS DE EVENTO,,https://sol.sbc.org.br/index.php/rbresd/article/view/75,"Phe-Neau, Tiphaine; Elias M. Campista, Miguel; Dias de Amorim, Marcelo; Conan, Vania",BRAZILIAN JOURNAL OF COMPUTER NETWORKS AND DISTRIBUTED SYSTEMS,2017-06-23,Caixa 9
